question,answer,question_type,filename
What was the impact of the government's measures to tighten foreign worker policy on the growth of the non-resident workforce in Singapore?,"The growth of the non-resident workforce in Singapore plateaued in the mid-2010s, rising from 1.044 million workers in 2009 to around 1.415 million in 2016, while assimilation into the resident workforce slowed down significantly.",simple,Immigration_in_Singapore.pdf
What is the name of the framework that regulates the hiring of low-skilled and medium-skilled temporary foreign workers in Singapore?,The framework that regulates the hiring of low-skilled and medium-skilled temporary foreign workers in Singapore is known as the Work Permit (WP) and S Pass scheme.,simple,Immigration_in_Singapore.pdf
What is the difference between high-skilled migrants and low-skilled migrants in Singapore's immigration policy?,"High-skilled migrants are targeted for long-term selective assimilation into Singapore's upper tier of the skills and earnings distribution, while low-skilled migrants are characterized by transience and the absence of pathways to assimilation.",simple,Immigration_in_Singapore.pdf
What changed in the mid-1990s regarding the government's policy on high-skilled migrants?,"In the mid-1990s, the government began developing policies to attract and assimilate large numbers of high-skilled migrants.",simple,Immigration_in_Singapore.pdf
How did the government's measures to tighten foreign worker policy affect the number of new citizen and permanent resident grants?,"The government's measures to tighten foreign worker policy resulted in a significant decrease in the number of new citizen and permanent resident grants, slowing down to an average of about 20,000 and 30,000 per year, respectively.",simple,Immigration_in_Singapore.pdf
"What was the percentage of non-citizen, non-resident workers in Singapore's labor force at independence?",3.18%,simple,Immigration_in_Singapore.pdf
How has immigration policy been used as a tool for economic growth in Singapore?,"Immigration policy has been used as a tool for economic growth in Singapore by relieving labor force constraints across all parts of the skill distribution, allowing for rapid expansion of the labor force during booms and moderating the impact of busts on resident employment through selective attrition of the foreign workforce.",simple,Immigration_in_Singapore.pdf
What is the concern raised in Parliament about the longer-term social effects of having large numbers of “Non-Traditional Source” workers in Singapore?,The concern raised in Parliament is that the presence of large numbers of “Non-Traditional Source” workers in Singapore for extended periods may have negative social effects on the society.,simple,Immigration_in_Singapore.pdf
What is the percentage of low-skilled migrants in Singapore's foreign workforce according to Figure 3?,"According to Figure 3, low-skilled migrants in the form of Work Permit (WP) holders comprise around 50% of Singapore's foreign workforce.",simple,Immigration_in_Singapore.pdf
What was the trend in the proportion of foreign-born population in Singapore from 1960 to the 1990s?,The proportion of foreign-born population in Singapore gradually declined and plateaued from 1960 to the 1990s.,simple,Immigration_in_Singapore.pdf
What are the requirements for employers who wish to hire an FDW in Singapore?,"Employers must be 21 years and above and be financially solvent. They are also required to pay a monthly levy, with concessionary rates available to older employers as well as those with disabilities, as well as employers residing with young children, older parents/grandparents, and/or disabled family members.",simple,Immigration_in_Singapore.pdf
What was the aim of the Government in Singapore in regards to foreign workers in the construction workforce by 1991?,"The aim of the Government in Singapore was to phase out foreign workers in the construction workforce by 1991, as stated by Mr. Lee Yock Suan, the Minister of State for National Development.",simple,Immigration_in_Singapore.pdf
What has the Singapore government done to manage the short-term flow of labor in response to economic cycles and other events?,"The Singapore government has actively used both the foreign worker levy and the dependency ratio ceiling to achieve longer-term policy aims, as well as to manage the short-term flow of labor in response to economic cycles and other events.",simple,Immigration_in_Singapore.pdf
What is the percentage of foreign domestic helpers in Singapore's foreign workforce from 2009 to 2021?,Foreign domestic helpers accounted for around 15% to 20% of Singapore's foreign workforce from 2009 to 2021.,simple,Immigration_in_Singapore.pdf
"What was the view of the Minister of Labor of Singapore, Jek Yeun Thong, on work permits for non-citizens?","According to the text, the Minister of Labor of Singapore, Jek Yeun Thong, declared that work permits would be freely issued to non-citizens who have special training, skills, and qualifications, as they would be welcome in Singapore.",simple,Immigration_in_Singapore.pdf
What are the requirements for foreign domestic workers (FDWs) in Singapore?,"FDWs must be female, between the ages of 23 to 50, have a minimum of 8 years of formal education, and be from an approved source country or region. They must also meet age, nationality, and education requirements to quality for a Work Permit.",simple,Immigration_in_Singapore.pdf
What has been the primary driver of immigration policy in Singapore throughout its history?,"The primary driver of immigration policy in Singapore has been the need to address labor force constraints, particularly at the medium- and high-skilled end, where migrants bring capabilities that are relatively scarce in the resident population.",simple,Immigration_in_Singapore.pdf
How has the history of immigration in Singapore influenced its current immigration policy?,"The history of immigration in Singapore has influenced its current immigration policy by shaping changes in immigration policy that are primarily focused on relieving labor force constraints, at the medium- and high-skilled end, where migrants are valued for bringing capabilities relatively scarce in the resident population, and at the low-skilled end, where migrants are sought after for their willingness to accept work that Singaporean citizens prefer to avoid.",simple,Immigration_in_Singapore.pdf
What is the assumption regarding the majority of those granted permanent resident status in Singapore?,"It is assumed that the majority of those granted permanent resident status are selected from the high-skilled, economically active migrant worker population.",simple,Immigration_in_Singapore.pdf
What is the relationship between immigration policy and labor force constraints in Singapore?,"Immigration policy has been used to relieve labor force constraints in Singapore, particularly at the medium- and high-skilled end, where migrants bring capabilities that are relatively scarce in the resident population, and at the low-skilled end, where migrants are sought after for their willingness to accept work that Singaporean citizens prefer to avoid.",simple,Immigration_in_Singapore.pdf
What is the role of temporary foreign workers in Singapore's immigration policy?,"Temporary foreign workers play a crucial role in Singapore's immigration policy, as they are sought after for their willingness to accept work that Singaporean citizens prefer to avoid.",simple,Immigration_in_Singapore.pdf
What was the reason for the decline in the proportion of foreign-born population in Singapore during the period?,The decline was due to the lack of any explicit policy of assimilation and policy ambivalence toward foreign workers.,simple,Immigration_in_Singapore.pdf
What was the view of Finance Minister Richard Hu on the use of foreign workers in Singapore's economy in 1988?,"Finance Minister Richard Hu viewed the use of foreign workers in Singapore's economy as a buffer to cope with business cycles and economic fluctuations, but acknowledged that there were social and economic costs associated with an increasing dependence on foreign workers.",simple,Immigration_in_Singapore.pdf
What is the difference in employment rates and wages between permanent residents and Singapore citizens?,Permanent residents have higher employment rates and wages compared to Singapore citizens.,simple,Immigration_in_Singapore.pdf
How many persons were granted permanent resident status in Singapore in 2007?,"In 2007, 63,627 persons were granted permanent resident status in Singapore.",simple,Immigration_in_Singapore.pdf
What was the source of growth during the period of rapid population growth in Singapore after the second world war?,"The source of growth during the period of rapid population growth in Singapore after the second world war was natural increase, due to high fertility rates during the post-war baby boom and the dramatic increase in the female population, which was due in part to their preferential status under immigration policy starting in the 1930s.",simple,Immigration_in_Singapore.pdf
What was the outcome of the government's effort to decouple population policy from the White Paper amid growing public discontent over foreign employment and rapid population growth?,"The government's efforts to disassociate population policy from the White Paper were successful, as the White Paper was subsequently accepted by Parliament, but the government took steps to distance itself from the paper's proposals and to emphasize that population policy would be determined by the needs of the economy and society.",conditional,Immigration_in_Singapore.pdf
"What are some challenges that Singapore's foreign worker policy may face in the near future given its reliance on temporary low-skilled migrants alongside smaller numbers of medium- and high-skilled migrants, and how might these challenges be addressed through adapting and reinventing assimilation policies in a multiethnic society?","Some challenges that Singapore's foreign worker policy may face in the near future include the impact of skill-based immigration on the economic insecurity of residents in the context of rapid technological change, the continued high reliance of many sectors on low-skilled foreign manpower, and the difficulty of adapting and reinventing assimilation policies in a multiethnic society.",conditional,Immigration_in_Singapore.pdf
How does Singapore's regulation of low-skilled foreign workers balance economic growth and job opportunities for its citizens?,"The main rationale is to balance the need to supplement the labor force to sustain economic growth while keeping production costs reasonable, and at the same time to avoid excessive reliance on foreign workers.",conditional,Immigration_in_Singapore.pdf
"How did the Committee on Singapore's Competitiveness's report in 1998 shape Singapore's approach to attracting global talent and building a knowledge-based economy, and what were the underlying concerns that drove this shift in economic strategy?","The Committee on Singapore's Competitiveness's report in 1998 played a significant role in shaping Singapore's future economic strategies, as it declared that Singapore should become a knowledge economy and attract global talent to fill skill and capability gaps in the resident labor force, build connections between Singapore and global knowledge nodes, and transform Singapore from being a passive recipient of foreign investment to an active exporter of capital, talent, and capabilities to the region and the globe.",conditional,Immigration_in_Singapore.pdf
"What demographic characteristic does Singapore's naturalization policy prioritize when granting permanent resident status and eventual citizenship, aside from high skills, and how does this affect the granting of permanent residence status and eventual citizenship?","Naturalization policy in Singapore considers the demographic characteristics of the applicant, such as their ethnic and/or cultural origins, in addition to their skills.",conditional,Immigration_in_Singapore.pdf
"What was the percentage of non-resident workforce in Singapore between 1970 and 1990, and what were the reasons behind the government's policy of calibrating and reducing the foreign workforce during that period?","The percentage of non-resident workforce in Singapore was 3.2% in 1970, 11.09% in 1980, and 16.15% in 1990, according to Yeoh and Lin (2012).",conditional,Immigration_in_Singapore.pdf
"What was the proportion of non-resident migrant workers in Singapore's workforce in 1970, and how did it change over the next two decades?","The migrant workforce was relatively underrepresented in the middle-skill occupations such as Clerical, Sales, and Service Workers, and were employed at about the same levels as Singapore citizens in the lower-skill Production, Operators, and Laborer roles.",conditional,Immigration_in_Singapore.pdf
"What was the reason for the rapid growth of the non-resident workforce in Singapore during the late 2000s, amidst a bifurcated foreign labor policy and societal concerns?","The rapid growth of the non-resident workforce in Singapore during the late 2000s was largely driven by the substantial expansion of the foreign workforce, which was needed to support the economy's growth.",conditional,Immigration_in_Singapore.pdf
"What was the percentage of natural increase in population growth in Singapore between 1957 and 1971, and how did it contribute to the overall population growth during that period?",Natural increase accounted for 94.8 percent of intercensal population growth from 1957 to 1971 in Singapore.,conditional,Immigration_in_Singapore.pdf
"What was the Singapore government's policy intent regarding migrant labor in the first two decades after independence, given the government's goal of achieving a ""wholly Singaporean workforce"" by 1991 and the need for migrants to fill labor gaps in the rapidly growing economy?","The policy intent was to build a full-employment economy based on upgrading the skills and capabilities of the resident labor force, where migrants would be selectively permitted to fill skill and labor gaps, with an eye to eventual assimilation of some migrants into the Singapore citizen population.",conditional,Immigration_in_Singapore.pdf
"What was the reason for the policy shift towards attracting high-skilled migrants, given the context of Singapore's declining comparative advantage in lower- to medium-skill industries and the need for a new competitive paradigm?","The policy shift towards attracting high-skilled migrants was precipitated by Singapore's declining comparative advantage in lower- to medium-skill industries and the increasing openness and competitiveness of regional economies, particularly China.",conditional,Immigration_in_Singapore.pdf
"Considering Singapore's immigration policy, how does the country balance the need for foreign workers with the aim of maintaining a local workforce, and what measures has it implemented to manage the number of Employment Passes issued?","No, there is no quota on the number of EPs that can be granted in Singapore.",conditional,Immigration_in_Singapore.pdf
"How did the 1997 Asian Financial Crisis influence Singapore's strategy to attract and assimilate high-skilled migrants, given the country's need to remain competitive in a rapidly changing global economy?","The 1997 Asian Financial Crisis provided further impetus for reform in Singapore, as the economy was driven into a brief recession in 1998, and the associated rapid depreciation of many regional currencies worsened Singapore's cost competitiveness further.",conditional,Immigration_in_Singapore.pdf
How has the Singapore government managed the intake of foreign workers through the foreign worker levy and the dependency ratio ceiling to balance economic growth and labor market effects on citizen workers?,"The Singapore government has actively used both the foreign worker levy and the dependency ratio ceiling to achieve longer-term policy aims, as well as to manage the short-term flow of labor in response to economic cycles and other events.",conditional,Immigration_in_Singapore.pdf
"What caused the reversal in the proportion of foreign-born population in Singapore in the 1990s, and how did the government manage the social impact of this change?",The proportion of foreign-born population in Singapore started to rapidly and continuously rise in the 1990s.,conditional,Immigration_in_Singapore.pdf
"What percentage of Singapore's population are migrants, and how does this affect the country's labor market and society?","The percentage of migrants in the total population of Singapore has been steadily increasing, from 13.4% in 1960 to 33.8% in 2017.",conditional,Immigration_in_Singapore.pdf
How did the Singaporean government plan to assimilate migrants into the citizen population while minimizing reliance on foreign workers?,The government planned to give migrants who were retained beyond 1990 permanent residence with a view to citizenship.,conditional,Immigration_in_Singapore.pdf
"How did the rapid growth of the non-resident workforce in Singapore during the late 2000s affect the country's resident workforce, and how did the government respond to the emerging social and economic concerns?","The rapid growth of the non-resident workforce in Singapore led to concerns that Singapore citizen low-wage workers were experiencing wage suppression, and that high-skilled foreign workers were competing with citizens for PMET jobs.",conditional,Immigration_in_Singapore.pdf
"What was the primary concern of the 5,000-person protest against the White Paper on Population, and how did the government respond to the issue?","The protest was attended by 5,000 people in opposition to the White Paper on Population because the public perceived that the paper's proposals would lead to an increase in the number of foreign workers in Singapore, which would negatively impact the job market and the quality of life for Singaporeans.",conditional,Immigration_in_Singapore.pdf
What was the impact of the tightening of the Employment Pass scheme on foreign worker employment in Singapore?,"The tightening of the Employment Pass scheme in 2012 resulted in a significant decrease in the number of Employment Pass holders, from around 30,000 per year to around 20,000 per year.",conditional,Immigration_in_Singapore.pdf
"What was the primary reason for the tightening of foreign worker policy in Singapore, given the rapid population growth and public discontent with wage suppression, higher expectations from employers, discrimination against Singapore citizens, and underemployment for high-skilled citizens?","The main reason for the tightening of foreign worker policy was the growing discontent among Singapore citizens towards the increasing number of foreign workers in the country, which was perceived to be contributing to wage suppression, higher expectations from employers, discrimination against Singapore citizens, and underemployment for high-skilled citizens.",conditional,Immigration_in_Singapore.pdf
"What was the projected total population of Singapore by 2030, and how did the government respond to public discontent regarding foreign employment and rapid population growth?","According to the White Paper on Population, the projected total population of Singapore by 2030 was 6.9 million, supplemented by a non-resident population of 2.9 million to 3.1 million and an increase in new citizenship and permanent residents granted.",conditional,Immigration_in_Singapore.pdf
"How does Singapore's naturalization policy support the principles of ""Gathering Talent"" while managing the social impact of a large foreign workforce?","In 2007, 17,334 persons were granted Singapore citizenship.",conditional,Immigration_in_Singapore.pdf
"What was the policy of the government regarding non-resident workers in Singapore since 1990, given the acknowledged significant long-term structural, societal, and economic trade-offs associated with accepting them as a permanent feature of the labor force?","The policy of the government regarding non-resident workers in Singapore since 1990 has been to accept them as a permanent feature of the Singapore labor force, albeit one with acknowledged significant long-term structural, societal, and economic trade-offs.",conditional,Immigration_in_Singapore.pdf
"How did the migrant contribution to the labor force change between 1970 and 1980, given the government's policy of minimizing reliance on foreign workers and aiming to have a wholly Singaporean workforce by 1991?","Non-resident migrant employment had grown to 7.3 percent of the labor force by 1980, but their skill distribution continued to be essentially bimodal, concentrated at both the high-skilled and low-skilled end.",conditional,Immigration_in_Singapore.pdf
"How did Finance Minister Richard Hu describe the key to managing economic growth in Singapore in 1988, and how did the government's policy on foreign workers evolve in the following decades to address concerns about dependence on foreign labor and promote a knowledge -based economy?","The key to managing economic growth was flexibility, and the government had been using a pool of foreign workers as a buffer to cope with business cycles and economic fluctuations.",conditional,Immigration_in_Singapore.pdf
"Given that the paper serves as a background paper to the World Development Report 2023 and discusses the history and current state of immigration policies in Singapore, what implications does this have for the paper's purpose and target audience?","The fact that the paper is a background paper to the World Development Report 2023 indicates that it is an official document providing context and information to inform the development of the report, and that the findings, interpretations, and conclusions expressed in the paper are entirely those of the authors and do not necessarily represent the views of the International Bank for Reconstruction and Development/World Bank and its affiliated organizations, or those of the Executive Directors of the World Bank or the governments they represent.",conditional,Immigration_in_Singapore.pdf
"How did the Singaporean government respond to the population's backlash against foreign workers, given the dual role of foreign workers in supporting economic growth and creating social tensions?","The government's response to the population backlash against foreign workers in Singapore was to adjust policies to accommodate sectoral challenges or opportunities, such as adjusting the foreign worker levy and dependency ratio ceiling, and introducing the S Pass system for medium-skilled workers.",conditional,Immigration_in_Singapore.pdf
"What was the primary reason for Singapore's separation from the Federation of Malaysia in 1965, considering the context of population growth and economic development?","According to the text, the main reason for the separation of Singapore from the Federation of Malaysia in 1965 was the traumatic sociopolitical conditions.",conditional,Immigration_in_Singapore.pdf
"How does Singapore's immigration policy balance the need for high-skilled workers with the need to protect the interests of its citizen labor force, particularly in light of circular migration for study and work?","Singapore citizens have experienced circular migration for study and work, with policies that facilitate such flows.",conditional,Immigration_in_Singapore.pdf
How does Singapore's immigration policy balance the need for economic growth with the potential risks of structural economic insecurity and reinventing itself?,"Migrant workers act as a buffer against macroeconomic cycles, allowing for rapid expansion of the labor force while taming inflation during booms, and moderating the impact of busts on resident employment through selective attrition of the foreign workforce.",conditional,Immigration_in_Singapore.pdf
How does the Economic Development Board in Singapore balance the need for foreign labor to support economic growth with the need to protect the interests of local workers and maintain a stable population?,The Economic Development Board in Singapore is responsible for engaging foreign investors and multinational enterprises and prioritizing their needs in terms of labor market reforms and foreign manpower.,conditional,Immigration_in_Singapore.pdf
"What was the percentage of Singapore's population that was aged 14 and below in 1966, given that the government was focused on promoting economic development to address an imminent unemployment crisis and was limiting immigration to prioritize its citizens?","According to the text, 42.8% of the population in Singapore was aged 14 and below in 1966.",conditional,Immigration_in_Singapore.pdf
What was the recommendation of the 1985-1986 Economic Committee regarding the use of foreign workers to address labor shortages and improve economic competitiveness in Singapore?,The 1985-1986 Economic Committee recommended that Singapore will require foreign workers to overcome temporary shortages and work in jobs where it has proven difficult to employ Singaporeans.,conditional,Immigration_in_Singapore.pdf
"What was the percentage of non-resident workforce in Singapore's total workforce in 1990, given the government's initial aim to phase out foreign workers by 1991, and how did the country's rapid industrialization and growth lead to a growing reliance on foreign labor despite policy levers like the Foreign Worker Levy system and the Dependency Ratio Ceiling policy?","The non-resident workforce in Singapore rose to 248,200, or nearly 1 in 6 workers, in 1990.",conditional,Immigration_in_Singapore.pdf
"How did Singapore's foreign labor policy change in the 1990s, given the country's need for a competitive workforce and the challenges posed by regional economic growth?","The government's policy on foreign labor from independence until the 1990s was to accommodate the permanent, but highly restricted, presence of low-wage foreign labor.",conditional,Immigration_in_Singapore.pdf
"What was the reason for the tightening of foreign worker policy and increase in foreign worker levy in Singapore from 2011 to 2013, given the backdrop of a rapidly growing foreign workforce and increasing public discontent?",The foreign worker levy was increased in 2011-2013 to discourage employers from hiring too many foreign workers and to encourage them to hire more local workers instead.,conditional,Immigration_in_Singapore.pdf
What steps did the Ministry of Manpower take in 2012 to address concerns about foreign workers and rapid population growth?,"The MOM revised its Employment Pass scheme in 2012 by tightening its eligibility requirements, including increasing the qualifying salaries of the P2 Pass and Q1 Pass, and raising the bar for older applicants to qualify for the Q1 Pass.",conditional,Immigration_in_Singapore.pdf
"What was the primary factor that led to the surge in Singapore's non-resident workforce between 1990 and 2008, amid a declining fertility rate and a shift towards a knowledge-based economy?","The growth of the non-resident workforce in Singapore was due to the government's efforts to attract and recruit highly skilled workers globally, as well as the lack of any explicit policy of assimilation and policy ambivalence toward foreign workers more generally.",conditional,Immigration_in_Singapore.pdf
What's the status of foreign worker levies and ratio ceiling in SG?,"The foreign worker levy and dependency ratio ceiling were continually adjusted to calibrate the flow of and demand for low-skilled workers, while the approval criteria for high-skilled workers' Employment Passes were adjusted to ensure that incoming workers filled positions that required skills that were relatively rare in the resident population.",compress,Immigration_in_Singapore.pdf
What was Toh Chin Chye's stance on migration?,"According to the text, the Deputy Prime Minister of Singapore, Toh Chin Chye, believed that migration was, and would continue to be, the basis for Singapore's continued vitality and relevance as a nation.",compress,Immigration_in_Singapore.pdf
What's the aim of Singapore's WP scheme?,"The Work Permit (WP) scheme is designed to allow foreign workers from approved source countries to work for a specified employer in certain sectors, such as construction, manufacturing, marine shipyard, process or the services sector.",compress,Immigration_in_Singapore.pdf
What's the holdup with workers in Singapore?,"The slowdown in assimilation into the resident workforce in Singapore was due to measures to slow or halt foreign workforce growth, as well as a reduction in inflows of foreign students.",compress,Immigration_in_Singapore.pdf
What's the name of the committee that attracts skilled workers?,The name of the committee established in 1998 to attract and recruit highly skilled workers was the Singapore Talent and Recruitment (STAR) committee.,compress,Immigration_in_Singapore.pdf
What was the social impact of openness to immigration?,Openness to immigration was also precipitated by the belated recognition that Singapore's labor market problem had shifted from finding full employment for a rapidly growing population to finding a sufficiently large population for a rapidly growing economy.,compress,Immigration_in_Singapore.pdf
What was the outcome of Singapore's foreign labor policy split?,"The bifurcation of foreign labor policy in Singapore resulted in a ""Foreign Talent"" strategy for high-skilled workers and a ""Foreign Worker"" strategy for low-skilled workers.",compress,Immigration_in_Singapore.pdf
What fueled Singapore's 80s growth spurt?,"Singapore's rapid industrialization and growth in the 1980s produced skills and labor shortages, which government policy sought to address by granting permission for industrial concerns to bring in skilled labor from outside Singapore.",compress,Immigration_in_Singapore.pdf
What was the issue with foreign workers in Singapore?,"The concern regarding low-skilled foreign workers in Singapore was that they were experiencing wage suppression from the ready availability of Work Permit holders, who were generally willing to work for lower effective wages than citizens.",compress,Immigration_in_Singapore.pdf
What's the salary requirement for S Pass holders in SG?,"The qualifying salary criteria for S Pass holders is set at more than S$3,000 but less than S$5,000, with a degree or diploma, and relevant work experience.",compress,Immigration_in_Singapore.pdf
What helped Singapore weather economic storms?,"The advantage of foreign labor in managing macroeconomic shocks in Singapore was that they were a source of highly mobile labor that could improve economic competitiveness by relieving wage pressures, skills, and labor shortages during booms, and bear the brunt of job market restructuring in any busts.",compress,Immigration_in_Singapore.pdf
What was the goal of Singapore's Regulation of Employment Act?,"According to the text, the purpose of the Regulation of Employment Act was to require lower-wage non-citizens to obtain Work Permits before employment, with the policy intent of barring low-skilled migrants from Malaysia from competing with Singapore citizen workers.",compress,Immigration_in_Singapore.pdf
"What's the underlying principle behind Singapore's immigration policies, according to the text?","According to the text, the fundamental theme that underpins immigration policy in Singapore is the use of rapidly imported migrant labor to fill the economic needs of a rapidly growing economy, the equally swift dispensation with migrants when economic challenges arise, and the transformation, over time, of migrants - on an increasingly selective basis - into residents.",compress,Immigration_in_Singapore.pdf
What's the meaning of tripartism in Singapore's labor policy?,"Tripartism in the context of labor force policy in Singapore refers to the cooperative role of the government, employers, and labor unions in sustaining employment, business growth, and wage growth.",compress,Immigration_in_Singapore.pdf
What was the CSC's 1998 report?,"The Committee on Singapore's Competitiveness's report in 1998 declared that Singapore should become a knowledge economy where the basis for competitiveness would be the capabilities and intellectual capital to absorb, process, and apply knowledge.",compress,Immigration_in_Singapore.pdf
What are the major constraints on Singapore's immigration policy looking ahead?,"The three serious limitations to Singapore's immigration policy in the near future are: (1) structural economic insecurity faced by the Singapore citizen labor force in the presence of technological change and open high-skilled immigration policy, (2) the inability of the economy to wean itself off low-wage, low-skilled migrant labor, and (3) the challenges Singapore faces in reinventing itself when long-term migrant assimilation has thus far simply replicated the colonial-era societal status quo.",compress,Immigration_in_Singapore.pdf
What was the issue with skilled foreign workers in SG?,"The concern regarding high-skilled foreign workers in Singapore was that the rapid growth in migrant high-skilled workers led to keen competition for Professional, Managerial, Executive, and Technical (PMET) jobs, which were demanded by an increasingly well-educated Singapore citizen workforce.",compress,Immigration_in_Singapore.pdf
How did the Great Depression affect work in Singapore?,"The Great Depression resulted in a severe but brief shock to labor demand in the early 1930s and precipitated a large-scale repatriation exercise of unemployed migrants to their sources in China and India, briefly reversing population growth with a net outflow of some 389,000 migrants from British Malaya.",compress,Immigration_in_Singapore.pdf
What was Singapore's post-independence priority?,"According to the text, the priority of the post-independence government of Singapore was to promote economic development to resolve an imminent unemployment crisis.",compress,Immigration_in_Singapore.pdf
What was the aim of the 1982 Foreign Worker Levy system?,The policy objective of the Foreign Worker Levy system introduced in 1982 was to calibrate and reduce the foreign workforce in Singapore.,compress,Immigration_in_Singapore.pdf
How does Singapore handle foreign workers?,"The approach to managing foreign labor in Singapore differs substantially by the skill level of migrants. Low-skilled migrants are viewed as temporary guest workers and are subject to strict conditions, while skilled foreigners are encouraged to bring their families and have a path to permanent residency or citizenship.",compress,Immigration_in_Singapore.pdf
What was the ruling party's vote share in 2011?,"The ruling party received 60.14% of the voter share in the 2011 general election, which was a significant decrease from the 66.6% they received in 2006.",compress,Immigration_in_Singapore.pdf
What led to Singapore's fertility rate drop?,"Fertility rates in Singapore declined significantly over the years, from one of the world's highest fertility rates in the 1950s to less than replacement fertility by the late 1970s, despite significant efforts to encourage marriage and procreation, particularly among higher-educated couples.",compress,Immigration_in_Singapore.pdf
What drives migration to SG?,The main source of migrant inflow into Singapore is foreign workers.,compress,Immigration_in_Singapore.pdf
What's the underlying theme in SG immigration policy?,"The use of rapidly imported migrant labor to fill the economic needs of a rapidly growing economy, the equally swift dispensation with migrants when economic challenges arise, and the transformation, over time, of migrants —on an increasingly selective basis —into residents.",compress,Immigration_in_Singapore.pdf
What was the number of foreign workers in S'pore in 2009?,The number of foreign workers in Singapore in 2009 was around 1.044 million.,compress,Immigration_in_Singapore.pdf
What was the number of foreign workers in S'pore in 2016?,The number of foreign workers in Singapore in 2016 was around 1.415 million.,compress,Immigration_in_Singapore.pdf
What's the name of the first budget plan after Singapore's independence?,"According to the text, the first Budget Statement of independent Singapore was delivered by Finance Minister Lim Kim San.",compress,Immigration_in_Singapore.pdf
What's the impact of immigration on Singapore's economy?,"The economic consequences of immigration in Singapore include impacts on employment, labor supply, skills, and sectoral allocation of Singapore residents (citizens and permanent residents), as well as on industrial structure and productivity.",compress,Immigration_in_Singapore.pdf
"Foreign worker levy, how's it work in SG?","The foreign worker levy varies by sector, source country, and skill level of the migrant.",compress,Immigration_in_Singapore.pdf
What's the significance of the dependency ratio ceiling for Singaporean employers?,"The purpose of the dependency ratio ceiling is to limit the number of foreign workers that an employer can hire, in order to preserve resident jobs and promote complementarity between resident workers and foreign workers.",compress,Immigration_in_Singapore.pdf
What's the DRC policy all about?,The Dependency Ratio Ceiling (DRC) policy was introduced in 1982 to limit the maximum permitted ratio of Work Permit holders in an employer’s overall workforce.,compress,Immigration_in_Singapore.pdf
"How does the Foreign Maid Scheme introduced in 1978 and the requirement for employers to pay a monthly levy with concessionary rates available to older employers, those with disabilities, as well as employers residing with young children, older parents/grandparents, and/or disabled family members, relate to the management of the EP qualifying salary and the ability to adjust prices and affect business costs quickly in response to external labor market conditions?","The Foreign Maid Scheme introduced in 1978 and the requirement for employers to pay a monthly levy with concessionary rates available to certain employers are part of Singapore's broader immigration policy aimed at managing the inflow of foreign workers and ensuring affordable childcare and elder care to encourage female residents to enter the labor force. The ability to adjust prices and affect business costs quickly in response to external labor market conditions is illustrated by the series of foreign worker levy rebates that were rolled out during the COVID-19 pandemic. The management of the EP qualifying salary, which is meant to maintain the quality of EP holders to be comparable to the upper one-third of resident workers in the same skill category, is also part of this broader immigration policy. By managing the qualifying salary, the government can ensure that foreign professionals, managers, and executives are attracted to work in Singapore while also protecting the resident labor force. The various criteria governing the issuance of the EP, such as the requirement for employers to demonstrate that they have fairly considered residents for the role, also help to protect the resident labor force.",multi-hop reasoning,Immigration_in_Singapore.pdf
"How has the Foreign Maid Scheme evolved over time in response to changes in Singapore's labor market and immigration policies, and what role does it play in supporting the country's workforce and economy?","The Foreign Maid Scheme has undergone changes over time in response to shifts in Singapore's labor market and immigration policies. For instance, the government has adjusted the levy and dependency ratio ceiling to manage the flow of foreign workers. Additionally, the scheme has played a crucial role in supporting the country's workforce and economy by providing affordable childcare and elder care, enabling women to enter the labor force, and meeting the demand for low-skilled migrant workers. Today, there are about 250,000 foreign domestic workers in Singapore, and employers must meet specific requirements to hire them, such as paying a monthly levy and demonstrating significant care needs.",multi-hop reasoning,Immigration_in_Singapore.pdf
"What specific factors contributed to the government's decision to aim for a 'wholly Singaporean workforce' by 1991, and how did their approach to migrant labor change over time?","The government's decision to phase out foreign workers was influenced by their goal of building a fully employed economy based on upgrading the skills and capabilities of the resident labor force. They aimed to selectively permit migrants to fill skill and labor gaps, with an eye to eventual assimilation of some migrants into the Singapore citizen population. By 1982, the government announced its plan to minimize reliance on foreign workers and build up a wholly Singaporean workforce over the next 10 years, with work permit holders being gradually phased out. The approach to migrant labor shifted from a small supplement to the overall labor force to a more homogenous workforce working together as a team, with a focus on raising productivity and eventually offering permanent residence with a view to citizenship to workers who would contribute to productivity.",multi-hop reasoning,Immigration_in_Singapore.pdf
"What was the government's plan for foreign workers in the construction industry, and how did it fit into their broader immigration policy, which was influenced by factors such as economic needs, job polarization, and the desire for a homogenous workforce?","The government's plan, as announced by founding Prime Minister Lee Kuan Yew in 1982, was to phase out foreign workers in the construction workforce by 1991 as part of their broader goal of achieving a 'wholly Singaporean workforce' without any work permit holders. This plan was motivated by a desire to upgrade the skills and capabilities of the resident labor force, minimize reliance on foreign workers, and build a more homogenous workforce. The government aimed to selectively permit migrants to fill skill and labor gaps, with an eye to eventual assimilation of some migrants into the Singapore citizen population. The plan was echoed by other government officials, such as the Minister of State for Labour, Dr. Wong Kwei Cheong, and the Minister of State for National Development, Mr. Lee Yock Suan, who emphasized the need for productivity growth and industry upgrading to lessen the need for foreign workers.",multi-hop reasoning,Immigration_in_Singapore.pdf
What was the impact of the bifurcation of foreign labor policy into a 'Foreign Talent' strategy and a 'Foreign Worker' strategy on the number of Employment Pass holders in Singapore during the period of rapid economic growth following the global financial crisis of 2009?,"The bifurcation of foreign labor policy into a 'Foreign Talent' strategy and a 'Foreign Worker' strategy, along with the introduction of the S Pass scheme, led to a significant increase in the number of Employment Pass holders in Singapore during the period of rapid economic growth following the global financial crisis of 2009. The number of Employment Pass holders expanded by around 30,000 per year in the two years after the crisis, which was a number two and a half times larger than the entire cohort each year of graduating university-educated residents. This increase was driven by the government's efforts to manage the social impact of a large foreign workforce, while also ensuring that incoming workers filled positions that required skills that were relatively rare in the resident population.",multi-hop reasoning,Immigration_in_Singapore.pdf
"What was the average number of new citizen and permanent resident grants in Singapore between 2009 and 2016, and how did it affect the growth of the non-resident workforce in the country during the same period?","Between 2009 and 2016, the average number of new citizen and permanent resident grants in Singapore was around 20,000 and 30,000 per year, respectively. This slowdown in assimilation into the resident workforce coincided with a plateauing of the growth of the non-resident workforce, which rose from 1.044 million workers in 2009 to 1.415 million in 2016. The slowdown in foreign workforce growth was likely due to measures implemented by the government to slow or halt foreign workforce growth, such as reducing the number of foreign student admissions from 100,000 in 2008 to 84,000 in 2012.",multi-hop reasoning,Immigration_in_Singapore.pdf
"How does the use of the dependency ratio ceiling and foreign worker levy serve as a control to preserve resident jobs in sectors that are highly dependent on foreign workers, and what is the longer-term policy aim of this control, as stated by policy makers?","The use of the dependency ratio ceiling and foreign worker levy serves as a control to preserve resident jobs in sectors that are highly dependent on foreign workers by limiting outright substitution and/or promoting complementarity between resident workers and foreign workers. The longer-term policy aim of this control, as stated by policy makers, is to balance the need to supplement the labor force to sustain economic growth while keeping production costs reasonable, and at the same time to avoid excessive reliance on foreign workers, minimizing possible labor market effects on Singapore citizen workers in the form of diminished job opportunities for low-skilled Singapore citizens and the likelihood that access to low-cost foreign labor might crowd out firm incentives to invest in labor-saving, productivity-enhancing technologies.",multi-hop reasoning,Immigration_in_Singapore.pdf
"What factors contributed to the growth of the non-resident labor force in Singapore, and how did the government's policies on talent acquisition and assimilation affect the demographic makeup of the resident population?","The growth of the non-resident labor force in Singapore was largely driven by the government's efforts to attract and recruit highly skilled workers globally, as well as the expansion of international universities and scholarship programs for foreign students. The government's policies on talent acquisition and assimilation led to a significant increase in the proportion of foreign-born residents in Singapore, which in turn contributed to the growth of the non-resident labor force. However, the government's distinction between residents and non-residents, as well as the lack of official statistics on the breakdown of the foreign-born population within the resident category, makes it difficult to determine the exact impact of these policies on the demographic makeup of the resident population.",multi-hop reasoning,Immigration_in_Singapore.pdf
"How did the bifurcation of foreign labor policy into a 'Foreign Talent' strategy and a 'Foreign Worker' strategy, and the introduction of the S Pass system, address the issue of wage suppression and social ills associated with the rapid growth of the non-resident workforce in Singapore during the late 2000s?","The bifurcation of foreign labor policy into a 'Foreign Talent' strategy and a 'Foreign Worker' strategy, and the introduction of the S Pass system, helped to address the issue of wage suppression and social ills associated with the rapid growth of the non-resident workforce in Singapore during the late 2000s by creating a hierarchy of foreign workers based on skills and qualifications. The 'Foreign Talent' strategy targeted high-skilled workers for long-term assimilation and was designed to fill positions that required skills that were relatively rare in the resident population, while the 'Foreign Worker' strategy managed low-skilled workers for economic necessity but carefully managed their social and economic trade-offs. The S Pass system was introduced for medium-skilled foreign workers who fell short of the high-skilled threshold, and it was managed through a levy and quota system similar to that used for low-skilled workers, but S Pass holders were not subject to societal management policies such as restrictions on source countries and were seen as a potential source for long-term assimilation. These policies helped to moderate the criteria for incoming workers to accommodate sectoral challenges or opportunities, and they ensured that incoming workers filled positions that required skills that were relatively rare in the resident population, thereby addressing the issue of wage suppression and social ills associated with the rapid growth of the non-resident workforce.",multi-hop reasoning,Immigration_in_Singapore.pdf
"What are the implications of the Singapore government's policy of not allowing EP holders to change employers freely, given the country's reliance on foreign workers, the need to manage labor market conditions, and the desire to protect the resident labor force?","The implications of the Singapore government's policy of not allowing EP holders to change employers freely are multifaceted. On the one hand, it helps to ensure that foreign professionals, managers, and executives who are granted EPs are of high quality and comparable to the upper one-third of resident workers in the same skill category, which is in line with the policy objective of maintaining a high-quality workforce. Additionally, it protects the resident labor force by ensuring that employers must demonstrate that they have fairly considered residents for the role before they are eligible to apply for an EP. On the other hand, it limits the flexibility of EP holders, who are not allowed to change employers freely and are required to work and live at the employer's home. This could potentially limit the ability of EP holders to seek better job opportunities or negotiate better salaries and benefits. Furthermore, the policy may also impact the ability of Singapore to attract and retain top talent, as high-skilled professionals may be deterred by the lack of job mobility. However, the policy also ensures that there is no quota on the number of EPs that can be granted, and no limit on the countries that the EP holder can come from, which allows for a diverse and skilled workforce in Singapore.",multi-hop reasoning,Immigration_in_Singapore.pdf
"How does the Foreign Maid Scheme introduced in 1978 and the dependency ratio ceiling lowered in selected sectors in 2013 impact the ability of EP holders earning at least S$6,000 to bring their family members into Singapore under a dependent’s Pass?","The Foreign Maid Scheme introduced in 1978 and the dependency ratio ceiling lowered in selected sectors in 2013 do not directly impact the ability of EP holders earning at least S$6,000 to bring their family members into Singapore under a dependent’s Pass. However, the Foreign Maid Scheme provides an avenue for employers to hire foreign domestic workers, which can help to alleviate the burden of care responsibilities for EP holders who may have family members that require care. Additionally, the dependency ratio ceiling lowered in selected sectors in 2013 aims to reduce Singapore’s reliance on foreign workers, which could potentially lead to a reduction in the number of EPs granted, and therefore, the number of EP holders who can bring their family members into Singapore under a dependent’s Pass. However, this is not explicitly stated in the given context.",multi-hop reasoning,Immigration_in_Singapore.pdf
"How does Singapore's historical development of immigration policies, including the impact of technological change and open high-skilled immigration policy, affect the structural economic insecurity faced by the Singapore citizen labor force, and what are the challenges that Singapore faces in reinventing itself when long-term migrant assimilation has replicated the colonial-era societal status quo?","Singapore's historical development of immigration policies has led to a high reliance on low-skilled, low-wage migrant labor, which has contributed to structural economic insecurity for the Singapore citizen labor force. The open high-skilled immigration policy has not been able to wean itself off low-wage, low-skilled migrant labor, and this has resulted in challenges for Singapore in reinventing itself when long-term migrant assimilation has replicated the colonial-era societal status quo. The impact of technological change has further exacerbated these challenges, as automation and artificial intelligence threaten to displace jobs that were previously held by low-skilled workers. To address these challenges, Singapore will need to reassess its immigration policies and consider strategies to upskill its workforce and promote innovation and entrepreneurship.",multi-hop reasoning,Immigration_in_Singapore.pdf
"How has the growth of the non-resident workforce and assimilation into the resident workforce changed in the mid-2010s, and what measures have been taken to address these changes, and how do these measures relate to the rationale behind Singapore's immigration policy?","The growth of the non-resident workforce plateaued toward the mid-2010s, rising from 1.044 million workers in 2009 and levelling off around 1.415 million in 2016, while assimilation into the resident workforce slowed dramatically, with new citizen and permanent resident grants slowing to an average of about 20,000 and 30,000 a year, respectively. In response, measures have been taken to slow or halt foreign workforce growth, such as reducing inflows of foreign students, from 100,000 in 2008 to about 84,000 in 2012. Additionally, policies have been implemented to develop Singapore as an international student hub, ensuring that Singaporeans have access to government-subsidized higher education institutions. These measures are related to the rationale behind Singapore's immigration policy, which aims to maintain economic competitiveness and growth, fill labor shortages, and provide care services within the household, while addressing demographic considerations such as low fertility and an aging population.",multi-hop reasoning,Immigration_in_Singapore.pdf
How does the Foreign Maid Scheme introduced in 1978 and the Employment Pass (EP) issuance criteria relate to the management of the short-term flow of labor in response to economic cycles and other events in Singapore?,"The Foreign Maid Scheme and the EP issuance criteria are both used to manage the short-term flow of labor in response to economic cycles and other events in Singapore. The Foreign Maid Scheme allows for the hiring of domestic workers from regional countries beyond Malaysia to provide live-in domestic help and ensure affordable child care and elder care to encourage female residents to enter the labor force. This helps to manage the short-term flow of labor by providing a source of foreign workers to meet the demand for domestic help, which can fluctuate based on economic conditions. The EP issuance criteria, on the other hand, is used to manage the quality of foreign professionals, managers, and executives who are allowed to work in Singapore. The policy objective for managing the EP qualifying salary is to maintain the quality of EP holders to be comparable to the upper one-third of resident workers in the same skill category. This helps to ensure that foreign workers are not brought in at the expense of resident workers, and that the resident labor force is protected. Both of these measures are used in conjunction with the dependency ratio ceiling to achieve longer-term policy aims and manage the short-term flow of labor in response to economic cycles and other events.",multi-hop reasoning,Immigration_in_Singapore.pdf
"What is the proportion of foreign-born population in the resident workforce in Singapore, and how has it changed over time?","According to Figure 2, the proportion of foreign-born population in the resident workforce in Singapore has been gradually increasing since the 1990s, with a rapid and continuous rise in the 1990s. However, there are few official statistics available on the breakdown of the foreign-born population within the resident category. The non-resident labor force grew from 248,200 workers in 1990 to more than one million workers in 2008, comprising more than one-third (34.41 percent) of the total workforce. While the growth of the resident workforce was relatively stable, the non-resident workforce exhibited significant fluctuations, including flat or negative growth in the aftermath of economic recessions.",multi-hop reasoning,Immigration_in_Singapore.pdf
"What were the factors that contributed to the rapid population growth in Singapore during the period of 1824 to 1931, and how did the immigration policies during that time affect the population's gender ratio and fertility rates?","The rapid population growth in Singapore during the period of 1824 to 1931 was fueled by large-scale immigration, primarily from China and India, which was encouraged by the British colonial government to provide labor for the trading port, public works, and plantations. The immigration policies during that time did not impose any restrictions on female migrants, resulting in a significant increase in the female population and a preferential status for women under immigration policy. This led to a dramatic increase in the number of women of child-bearing age and a decrease in the overall sex ratio, contributing to natural increase becoming the major source of population growth in the post-war period. The high fertility rates during the post-war baby boom also contributed to natural increase, and by the first post-independence Census in 1970, natural increase accounted for 94.8 percent of intercensal population growth from 1957 to 1971.",multi-hop reasoning,Immigration_in_Singapore.pdf
"What are the names of the researchers who wrote the background paper for the World Development Report 2023: Migrants, Refugees, and Societies, which discusses the mechanics and rationale behind Singapore's unique set of current immigration policies, and who also acknowledge the helpful comments and suggestions of Caglar Özden and the excellent research assistance of Rafi Kamsani and Daryl Lee?","The names of the researchers who wrote the background paper for the World Development Report 2023: Migrants, Refugees, and Societies are Jessica Pan and Walter Theseira. They are the authors of the paper, and their names are mentioned in the text. The paper discusses the mechanics and rationale behind Singapore's unique set of current immigration policies, and they acknowledge the helpful comments and suggestions of Caglar Özden and the excellent research assistance of Rafi Kamsani and Daryl Lee.",multi-hop reasoning,Immigration_in_Singapore.pdf
"What was the purpose of the 'Global Schoolhouse' project, given that Singapore had a low fertility rate, which led the government to launch a multi-ministry committee to attract and recruit highly skilled workers globally, and the project aimed to make Singapore a hub for international universities?","The purpose of the 'Global Schoolhouse' project was to attract high-potential students to study in Singapore and to make Singapore a hub for international universities, which aligns with the government's plans to gather talent and recruit highly skilled workers globally, as well as to address the issue of low fertility rate in Singapore by welcoming the infusion of knowledge which foreign talent will bring, thereby making Singapore a cosmopolitan, global city, an open society where people from many lands can feel at home.",multi-hop reasoning,Immigration_in_Singapore.pdf
"What are the challenges that Singapore's foreign worker policy may face in the near future, and how might they be addressed?","The challenges that Singapore's foreign worker policy may face in the near future include the impact of skill-based immigration on the economic insecurity of residents in the context of rapid technological change, the continued high reliance of many sectors on low-skilled foreign manpower, and the difficulty of adapting and reinventing assimilation policies in a multiethnic society. These challenges could be addressed by implementing policies that prioritize the upskilling and reskilling of the resident workforce, promoting the use of technology to enhance productivity, and fostering greater social cohesion and inclusivity.",multi-hop reasoning,Immigration_in_Singapore.pdf
"What was the government's plan for foreign workers in the construction industry in the 1980s, and how did it reflect their broader goals for the country's workforce?","The government's plan for foreign workers in the construction industry in the 1980s was to phase them out gradually over the decade, as the industry upgraded, mechanized, and industrialized. This was part of their broader goal of building a wholly Singaporean workforce by 1991, as expressed by founding Prime Minister Lee Kuan Yew in 1982. The government aimed to minimize reliance on foreign workers and build a more homogenous workforce, with a view to citizenship for those who would raise productivity levels. The plan was echoed by Minister of State for Labour, Dr. Wong Kwei Cheong, and Minister of State for National Development, Mr. Lee Yock Suan, in parliamentary debates in 1982 and 1983.",multi-hop reasoning,Immigration_in_Singapore.pdf
"What was the impact of the government's efforts to encourage marriage and procreation, particularly among higher-educated couples, on the fertility rate of Singapore by the late 1970s, given that the government's plans for 'Gathering Talent' and rebranding Singapore as a 'Talent Capital' led to the attraction of highly skilled workers globally, and the assimilation of migrants, resulting in a significant growth of the non-resident labor force and a reversal of the declining trend of the foreign-born population in Singapore during the 1990s?","The government's efforts to encourage marriage and procreation, particularly among higher-educated couples, did not significantly impact the fertility rate of Singapore by the late 1970s. Despite the efforts, the fertility rate remained low, which led the government to adopt a new approach to address the issue by attracting highly skilled workers globally and assimilating migrants. This approach resulted in a significant growth of the non-resident labor force and a reversal of the declining trend of the foreign-born population in Singapore during the 1990s.",multi-hop reasoning,Immigration_in_Singapore.pdf
"How did the bifurcation of foreign labor policy into a 'Foreign Talent' strategy and a 'Foreign Worker' strategy, coupled with the introduction of the S Pass system, address the issue of wage suppression and social ills associated with low-skilled foreign workers, while ensuring that high-skilled workers filled positions that required skills that were relatively rare in the resident population?","The bifurcation of foreign labor policy into a 'Foreign Talent' strategy and a 'Foreign Worker' strategy, coupled with the introduction of the S Pass system, addressed the issue of wage suppression and social ills associated with low-skilled foreign workers by carefully managing their numbers and imposing levies and quotas on their employment. At the same time, high-skilled workers were targeted for long-term assimilation and were not subject to societal management policies, ensuring that they filled positions that required skills that were relatively rare in the resident population.",multi-hop reasoning,Immigration_in_Singapore.pdf
"What was the reason behind the growth of non-resident labor force in Singapore during the late 1990s onward, and how did the government's policy on assimilation contribute to this growth?","The growth of non-resident labor force in Singapore during the late 1990s onward can be attributed to the government's policy of assimilation, which aimed to attract and recruit highly skilled workers globally. The government recognized the need for intellectual capital to be a successful knowledge-based economy and therefore welcomed the infusion of knowledge which foreign talent would bring. This led to the establishment of a multi-ministry Singapore Talent and Recruitment (STAR) committee in 1998 to attract and recruit highly skilled workers globally. Additionally, efforts were made to attract high-potential students to Singapore through Singapore government-sponsored scholarship programs for study in local educational institutions, as well as through the 'Global Schoolhouse' project, which aimed to make Singapore a hub for international universities. As a result, a substantial portion of resident labor force growth during the late 1990s onward can be attributed to the assimilation of migrants, which reversed the trend of a declining foreign-born population in Singapore.",multi-hop reasoning,Immigration_in_Singapore.pdf
"What was the proportion of foreign-born population in Singapore's resident workforce in the late 1990s, and how did it change over time?","According to Figure 2, the proportion of foreign-born population in Singapore's resident workforce gradually declined and plateaued from 1960 to the 1990s, consistent with the lack of any explicit policy of assimilation and policy ambivalence toward foreign workers. However, this pattern started to reverse in the 1990s, with the proportion of foreign-born population rapidly and continuously rising. Unfortunately, there are few official statistics on the breakdown of the foreign-born population within the resident category, but a substantial portion of resident labor force growth during the late 1990s onward can be attributed to the assimilation of migrants.",multi-hop reasoning,Immigration_in_Singapore.pdf
"What was the size of the foreign-born population in Singapore in 2008, and how did it contribute to the growth of the resident workforce during the late 1990s and early 2000s?","According to Figure 2, the foreign-born population in Singapore gradually declined and plateaued from 1960 to the 1990s, before rapidly and continuously rising in the 1990s. Unfortunately, there are few official statistics on the breakdown of the foreign-born population within the resident category. However, a substantial portion of resident labor force growth during the late 1990s onward can be attributed to the assimilation of migrants. As shown in Figure 1, the non-resident labor force grew from 248,200 workers in 1990 to more than one million workers in 2008, comprising more than one-third (34.41%) of the total workforce. The growth of the resident workforce was relatively more stable, at approximately 38,000 workers per year. Therefore, the foreign-born population in Singapore in 2008 was likely a significant portion of the total workforce, and played a notable role in the growth of the resident workforce during the late 1990s and early 2000s.",multi-hop reasoning,Immigration_in_Singapore.pdf