question,answer,tokens_present,document
What is the main theme of the paper discussed in the text?,"The main theme of the paper is the history and current state of immigration policy in Singapore, with a focus on its economic, social, and political motivations.","['history', 'current', 'state', 'immigration', 'policy', 'Singapore', 'economic', 'social', 'political']",Immigration_in_Singapore.pdf
What has been the primary driver of immigration policy in Singapore throughout its history?,"The primary driver of immigration policy in Singapore has been the need to address labor force constraints, particularly at the medium- and high-skilled end, where migrants bring capabilities that are relatively scarce in the resident population.","['labor force', 'constraints', 'medium-skilled', 'high-skilled', 'migrants', 'capabilities', 'resident population']",Immigration_in_Singapore.pdf
What is the role of temporary foreign workers in Singapore's immigration policy?,"Temporary foreign workers play a crucial role in Singapore's immigration policy, as they are sought after for their willingness to accept work that Singaporean citizens prefer to avoid.","['Temporary', 'foreign', 'workers', ""Singapore's"", 'immigration', 'policy']",Immigration_in_Singapore.pdf
How has immigration policy been used as a tool for economic growth in Singapore?,"Immigration policy has been used as a tool for economic growth in Singapore by relieving labor force constraints across all parts of the skill distribution, allowing for rapid expansion of the labor force during booms and moderating the impact of busts on resident employment through selective attrition of the foreign workforce.","['immigration', 'policy', 'economic', 'growth', 'Singapore', 'labor', 'force', 'constraints', 'skill', 'distribution', 'booms', 'busts', 'foreign', 'workforce']",Immigration_in_Singapore.pdf
What are some challenges that Singapore's foreign worker policy may face in the near future?,"Some challenges that Singapore's foreign worker policy may face in the near future include the impact of skill-based immigration on the economic insecurity of residents in the context of rapid technological change, the continued high reliance of many sectors on low-skilled foreign manpower, and the difficulty of adapting and reinventing assimilation policies in a multiethnic society.","['impact', 'reliance', 'difficulty', 'assimilation', 'multiethnic', 'society']",Immigration_in_Singapore.pdf
What is the purpose of the paper discussed in the text?,"The purpose of the paper is to provide a background paper to the World Development Report 2023: Migrants, Refugees, and Societies, and to discuss the economic and social impacts of Singapore's foreign worker policy.","['background paper', 'World Development Report 2023', 'Migrants', 'Refugees', 'Societies', 'economic and social impacts', 'foreign worker policy', 'Singapore']",Immigration_in_Singapore.pdf
Who are the authors of the paper discussed in the text?,The authors of the paper are Jessica Pan and Walter Theseira.,"['Jessica Pan', 'Walter Theseira']",Immigration_in_Singapore.pdf
What is the significance of the fact that the paper is a background paper to the World Development Report 2023?,"The fact that the paper is a background paper to the World Development Report 2023 indicates that it is an official document providing context and information to inform the development of the report, and that the findings, interpretations, and conclusions expressed in the paper are entirely those of the authors and do not necessarily represent the views of the International Bank for Reconstruction and Development/World Bank and its affiliated organizations, or those of the Executive Directors of the World Bank or the governments they represent.","['background', 'paper', 'World', 'Development', 'Report', '2023', 'official', 'document', 'context', 'information', 'findings', 'interpretations', 'conclusions', 'authors', 'views', 'International', 'Bank', 'Reconstruction', 'Development', '/World', 'Bank', 'affiliated', 'organizations', 'Executive', 'Directors', 'governments']",Immigration_in_Singapore.pdf
What is the relationship between immigration policy and labor force constraints in Singapore?,"Immigration policy has been used to relieve labor force constraints in Singapore, particularly at the medium- and high-skilled end, where migrants bring capabilities that are relatively scarce in the resident population, and at the low-skilled end, where migrants are sought after for their willingness to accept work that Singaporean citizens prefer to avoid.","['immigration policy', 'labor force', 'Singapore', 'migrants', 'capabilities', 'resident population', 'low-skilled end', 'work', 'Singaporean citizens']",Immigration_in_Singapore.pdf
How has the history of immigration in Singapore influenced its current immigration policy?,"The history of immigration in Singapore has influenced its current immigration policy by shaping changes in immigration policy that are primarily focused on relieving labor force constraints, at the medium- and high-skilled end, where migrants are valued for bringing capabilities relatively scarce in the resident population, and at the low-skilled end, where migrants are sought after for their willingness to accept work that Singaporean citizens prefer to avoid.","['history', 'immigration', 'Singapore', 'policy', 'labor', 'force', 'constraints', 'migrants', 'valued', 'resident', 'population', 'low-skilled', 'work', 'citizens', 'prefer']",Immigration_in_Singapore.pdf
What is the main function of migrant workers in Singapore's economy?,"Migrant workers act as a buffer against macroeconomic cycles, allowing for rapid expansion of the labor force while taming inflation during booms, and moderating the impact of busts on resident employment through selective attrition of the foreign workforce.","['Migrant', 'workers', 'act', 'as', 'buffer', 'against', 'macroeconomic', 'cycles', 'allowing', 'for', 'rapid', 'expansion', 'of', 'the', 'labor', 'force', 'while', 'taming', 'inflation', 'during', 'booms', 'and', 'moderating', 'the', 'impact', 'of', 'busts', 'on', 'resident', 'employment', 'through', 'selective', 'attrition', 'of', 'the', 'foreign', 'workforce']",Immigration_in_Singapore.pdf
What are the two types of immigration policies in Singapore?,Singapore has two types of immigration policies: immigration favoring high-skilled migrants and low-skilled or low-wage immigration.,"['high-skilled migrants', 'low-skilled', 'low-wage immigration']",Immigration_in_Singapore.pdf
What is the difference between high-skilled migrants and low-skilled migrants in Singapore's immigration policy?,"High-skilled migrants are targeted for long-term selective assimilation into Singapore's upper tier of the skills and earnings distribution, while low-skilled migrants are characterized by transience and the absence of pathways to assimilation.","['high-skilled', 'low-skilled', 'migrants', 'Singapore', 'immigration', 'policy']",Immigration_in_Singapore.pdf
What are the economic consequences of immigration in Singapore?,"The economic consequences of immigration in Singapore include impacts on employment, labor supply, skills, and sectoral allocation of Singapore residents (citizens and permanent residents), as well as on industrial structure and productivity.","['impacts', 'employment', 'labor supply', 'skills', 'sectoral allocation', 'industrial structure', 'productivity']",Immigration_in_Singapore.pdf
What is the experience of Singapore citizens with circular migration for study and work?,"Singapore citizens have experienced circular migration for study and work, with policies that facilitate such flows.","['Singapore', 'citizens', 'circular', 'migration', 'study', 'work', 'policies']",Immigration_in_Singapore.pdf
What are the three serious limitations to Singapore's immigration policy in the near future?,"The three serious limitations to Singapore's immigration policy in the near future are: (1) structural economic insecurity faced by the Singapore citizen labor force in the presence of technological change and open high-skilled immigration policy, (2) the inability of the economy to wean itself off low-wage, low-skilled migrant labor, and (3) the challenges Singapore faces in reinventing itself when long-term migrant assimilation has thus far simply replicated the colonial-era societal status quo.","['structural', 'economic', 'insecurity', 'labor', 'force', 'technological', 'change', 'open', 'high-skilled', 'immigration', 'policy', 'inability', 'economy', 'wean', 'low-wage', 'low-skilled', 'migrant', 'labor', 'challenges', 'Singapore', 'reinventing', 'long-term', 'migrant', 'assimilation', 'colonial-era', 'societal', 'status', 'quo']",Immigration_in_Singapore.pdf
What was the population growth rate of Singapore from 1824 to 1931?,"The population of Singapore grew rapidly over the next hundred years at an annual compound rate of 3.77 percent, fueled almost entirely by migration.",['3.77'],Immigration_in_Singapore.pdf
What was the impact of the Great Depression on labor demand in Singapore?,"The Great Depression resulted in a severe but brief shock to labor demand in the early 1930s and precipitated a large-scale repatriation exercise of unemployed migrants to their sources in China and India, briefly reversing population growth with a net outflow of some 389,000 migrants from British Malaya.","['severe', 'brief', 'repatriation', 'unemployed', 'migrants', 'China', 'India', 'outflow']",Immigration_in_Singapore.pdf
What was the source of growth during the period of rapid population growth in Singapore after the second world war?,"The source of growth during the period of rapid population growth in Singapore after the second world war was natural increase, due to high fertility rates during the post-war baby boom and the dramatic increase in the female population, which was due in part to their preferential status under immigration policy starting in the 1930s.","['natural', 'increase', 'fertility', 'rates', 'post-war', 'baby', 'boom', 'dramatic', 'increase', 'female', 'population', 'preferential', 'status', 'immigration', 'policy']",Immigration_in_Singapore.pdf
What was the percentage of natural increase accounting for intercensal population growth from 1957 to 1971 in Singapore?,Natural increase accounted for 94.8 percent of intercensal population growth from 1957 to 1971 in Singapore.,['94.8 percent'],Immigration_in_Singapore.pdf
What was the population of Singapore in 1970?,"According to the text, the population of Singapore in 1970 was 314,000.","['314,000']",Immigration_in_Singapore.pdf
What was the sex ratio of Singapore in 1957?,"According to the text, the sex ratio of Singapore in 1957 was just above 1.1.",['1.1'],Immigration_in_Singapore.pdf
What was the main reason for the separation of Singapore from the Federation of Malaysia in 1965?,"According to the text, the main reason for the separation of Singapore from the Federation of Malaysia in 1965 was the traumatic sociopolitical conditions.","['traumatic', 'sociopolitical', 'conditions']",Immigration_in_Singapore.pdf
What was the priority of the post-independence government of Singapore?,"According to the text, the priority of the post-independence government of Singapore was to promote economic development to resolve an imminent unemployment crisis.","['priority', 'post-independence', 'government', 'Singapore', 'economic', 'development', 'unemployment', 'crisis']",Immigration_in_Singapore.pdf
What was the percentage of the population in Singapore that was aged 14 and below in 1966?,"According to the text, 42.8% of the population in Singapore was aged 14 and below in 1966.",['42.8%'],Immigration_in_Singapore.pdf
What was the purpose of the Regulation of Employment Act passed by the government of Singapore?,"According to the text, the purpose of the Regulation of Employment Act was to require lower-wage non-citizens to obtain Work Permits before employment, with the policy intent of barring low-skilled migrants from Malaysia from competing with Singapore citizen workers.","['require', 'lower-wage', 'non-citizens', 'Work Permits', 'policy', 'intent', 'barring', 'low-skilled', 'migrants', 'Malaysia', 'competing', 'Singapore', 'citizen', 'workers']",Immigration_in_Singapore.pdf
"What was the view of the Deputy Prime Minister of Singapore, Toh Chin Chye, on migration?","According to the text, the Deputy Prime Minister of Singapore, Toh Chin Chye, believed that migration was, and would continue to be, the basis for Singapore's continued vitality and relevance as a nation.","['migration', 'Toh Chin Chye', 'Singapore']",Immigration_in_Singapore.pdf
"What was the view of the Minister of Labor of Singapore, Jek Yeun Thong, on work permits for non-citizens?","According to the text, the Minister of Labor of Singapore, Jek Yeun Thong, declared that work permits would be freely issued to non-citizens who have special training, skills, and qualifications, as they would be welcome in Singapore.","['freely', 'non-citizens', 'special', 'training', 'skills', 'qualifications', 'welcome']",Immigration_in_Singapore.pdf
"What is the fundamental theme that underpins immigration policy in Singapore, according to the text?","According to the text, the fundamental theme that underpins immigration policy in Singapore is the use of rapidly imported migrant labor to fill the economic needs of a rapidly growing economy, the equally swift dispensation with migrants when economic challenges arise, and the transformation, over time, of migrants - on an increasingly selective basis - into residents.","['use', 'imported', 'migrant', 'labor', 'economic', 'needs', 'rapidly', 'growing', 'swift', 'dispensation', 'challenges', 'transform', 'residents']",Immigration_in_Singapore.pdf
What was the name of the first Budget Statement of independent Singapore?,"According to the text, the first Budget Statement of independent Singapore was delivered by Finance Minister Lim Kim San.",['Lim Kim San'],Immigration_in_Singapore.pdf
"What was the percentage of non-citizen, non-resident workers in Singapore's labor force at independence?",3.18%,['3.18%'],Immigration_in_Singapore.pdf
What was the distribution of migrant workers in Singapore's labor force in 1970?,"The migrant workforce was relatively underrepresented in the middle-skill occupations such as Clerical, Sales, and Service Workers, and were employed at about the same levels as Singapore citizens in the lower-skill Production, Operators, and Laborer roles.","['migrant', 'workforce', 'Singapore', 'labor', 'force', '1970']",Immigration_in_Singapore.pdf
What was the policy intent of the Singapore government regarding migrant labor in the first two decades after independence?,"The policy intent was to build a full-employment economy based on upgrading the skills and capabilities of the resident labor force, where migrants would be selectively permitted to fill skill and labor gaps, with an eye to eventual assimilation of some migrants into the Singapore citizen population.","['full-employment economy', 'skills', 'capabilities', 'resident labor force', 'migrants', 'skill and labor gaps', 'assimilation', 'Singapore citizen population']",Immigration_in_Singapore.pdf
What was the goal of the government regarding foreign workers in 1982?,The government aimed to have “a wholly Singaporean workforce without any work permit holder at all by 1991.”,"['wholly Singaporean workforce', '1991']",Immigration_in_Singapore.pdf
What was the view of founding Prime Minister Lee Kuan Yew regarding foreign workers in 1982?,"Lee Kuan Yew announced that the government aimed to have “a wholly Singaporean workforce without any work permit holder at all by 1991. Workers we want to retain beyond 1990 should be those who will raise our level of productivity. We shall give such workers permanent residence with a view to citizenship. Then we shall have a more homogenous workforce, working together as a team, because they all feel committed to Singapore.”","['Lee Kuan Yew', 'workforce', 'permanent residence', 'citizenship', 'homogenous workforce', 'Singapore']",Immigration_in_Singapore.pdf
What was the plan of the government regarding foreign workers in the construction industry?,The government aimed to phase out foreign workers in the construction workforce by 1991.,"['phase out', 'foreign workers', 'construction workforce', 'by 1991']",Immigration_in_Singapore.pdf
How did the migrant contribution to the labor force change between 1970 and 1980?,"Non-resident migrant employment had grown to 7.3 percent of the labor force by 1980, but their skill distribution continued to be essentially bimodal, concentrated at both the high-skilled and low-skilled end.","['7.3 percent', '1970', '1980']",Immigration_in_Singapore.pdf
What was the reason for the government's decision to phase out foreign workers?,"The government believed that the use of migrant labor was necessary but only temporary, and that excessive or permanent reliance on it would have undesirable consequences politically, socially, and economically.","['necessary', 'temporary', 'undesirable', 'politically', 'socially', 'economically']",Immigration_in_Singapore.pdf
How did the government plan to assimilate migrants into the Singapore citizen population?,The government planned to give migrants who were retained beyond 1990 permanent residence with a view to citizenship.,"['permanent residence', 'citizenship']",Immigration_in_Singapore.pdf
What was the overall theme that underpinned immigration policy in Singapore until the present day?,"The use of rapidly imported migrant labor to fill the economic needs of a rapidly growing economy, the equally swift dispensation with migrants when economic challenges arise, and the transformation, over time, of migrants —on an increasingly selective basis —into residents.","['migrants', 'economy', 'Singapore']",Immigration_in_Singapore.pdf
What was the aim of the Government in Singapore in regards to foreign workers in the construction workforce by 1991?,"The aim of the Government in Singapore was to phase out foreign workers in the construction workforce by 1991, as stated by Mr. Lee Yock Suan, the Minister of State for National Development.","['phase out', 'foreign workers', 'construction workforce', 'by 1991']",Immigration_in_Singapore.pdf
What was the policy objective of the Foreign Worker Levy system introduced in 1982?,The policy objective of the Foreign Worker Levy system introduced in 1982 was to calibrate and reduce the foreign workforce in Singapore.,"['calibrate', 'reduce', 'foreign', 'workforce', 'Singapore']",Immigration_in_Singapore.pdf
What was the Dependency Ratio Ceiling (DRC) policy introduced in 1982?,The Dependency Ratio Ceiling (DRC) policy was introduced in 1982 to limit the maximum permitted ratio of Work Permit holders in an employer’s overall workforce.,"['introduced', '1982', 'Work', 'Permit', 'holders', 'employer', 'workforce']",Immigration_in_Singapore.pdf
"What was the percentage of non-resident workforce in Singapore in 1970, 1980, and 1990?","The percentage of non-resident workforce in Singapore was 3.2% in 1970, 11.09% in 1980, and 16.15% in 1990, according to Yeoh and Lin (2012).","['3.2%', '11.09%', '16.15%']",Immigration_in_Singapore.pdf
What was the reason for Singapore's rapid industrialization and growth in the 1980s?,"Singapore's rapid industrialization and growth in the 1980s produced skills and labor shortages, which government policy sought to address by granting permission for industrial concerns to bring in skilled labor from outside Singapore.","['skilled labor', 'government policy', 'industrial concerns']",Immigration_in_Singapore.pdf
What was the advantage of foreign labor in managing macroeconomic shocks in Singapore?,"The advantage of foreign labor in managing macroeconomic shocks in Singapore was that they were a source of highly mobile labor that could improve economic competitiveness by relieving wage pressures, skills, and labor shortages during booms, and bear the brunt of job market restructuring in any busts.","['highly', 'mobile', 'labor', 'improve', 'economic', 'competitiveness', 'relieving', 'wage', 'pressures', 'skills', 'labor', 'shortages', 'booms', 'bear', 'brunt', 'job', 'market', 'restructuring', 'busts']",Immigration_in_Singapore.pdf
What was the recommendation of the 1985-1986 Economic Committee set up by the government to examine and restructure the economy?,The 1985-1986 Economic Committee recommended that Singapore will require foreign workers to overcome temporary shortages and work in jobs where it has proven difficult to employ Singaporeans.,"['recommended', 'foreign', 'workers', 'temporary', 'shortages', 'jobs', 'difficult', 'employ', 'Singaporeans']",Immigration_in_Singapore.pdf
What was the number of non-resident workforce in Singapore in 1990?,"The non-resident workforce in Singapore rose to 248,200, or nearly 1 in 6 workers, in 1990.","['248,200']",Immigration_in_Singapore.pdf
What was the policy of the government regarding non-resident workers in Singapore since 1990?,"The policy of the government regarding non-resident workers in Singapore since 1990 has been to accept them as a permanent feature of the Singapore labor force, albeit one with acknowledged significant long-term structural, societal, and economic trade-offs.","['accept', 'permanent', 'feature', 'Singapore', 'labor', 'force', 'acknowledged', 'significant', 'long-term', 'structural', 'societal', 'economic', 'trade-offs']",Immigration_in_Singapore.pdf
What was the view of Finance Minister Richard Hu on the use of foreign workers in Singapore's economy in 1988?,"Finance Minister Richard Hu viewed the use of foreign workers in Singapore's economy as a buffer to cope with business cycles and economic fluctuations, but acknowledged that there were social and economic costs associated with an increasing dependence on foreign workers.","['Finance', 'Minister', 'Richard', 'Hu', 'viewed', 'use', 'foreign', 'workers', 'Singapore', 'economy', 'buffer', 'cope', 'business', 'cycles', 'economic', 'fluctuations', 'acknowledged', 'social', 'economic', 'costs', 'associated', 'increasing', 'dependence', 'foreign', 'workers']",Immigration_in_Singapore.pdf
What was the key to managing economic growth according to Finance Minister Richard Hu in 1988?,"The key to managing economic growth was flexibility, and the government had been using a pool of foreign workers as a buffer to cope with business cycles and economic fluctuations.",['flexibility'],Immigration_in_Singapore.pdf
What was the government's policy on foreign labor from independence until the 1990s?,"The government's policy on foreign labor from independence until the 1990s was to accommodate the permanent, but highly restricted, presence of low-wage foreign labor.","['independence', 'foreign', 'labor', 'policy', 'government']",Immigration_in_Singapore.pdf
What changed in the mid-1990s regarding the government's policy on high-skilled migrants?,"In the mid-1990s, the government began developing policies to attract and assimilate large numbers of high-skilled migrants.","['mid-1990s', 'government', 'policies', 'attract', 'assimilate', 'high-skilled', 'migrants']",Immigration_in_Singapore.pdf
What was the reason for the policy shift towards attracting high-skilled migrants?,"The policy shift towards attracting high-skilled migrants was precipitated by Singapore's declining comparative advantage in lower- to medium-skill industries and the increasing openness and competitiveness of regional economies, particularly China.","['Singapore', 'China']",Immigration_in_Singapore.pdf
What was the Committee on Singapore's Competitiveness's report in 1998?,"The Committee on Singapore's Competitiveness's report in 1998 declared that Singapore should become a knowledge economy where the basis for competitiveness would be the capabilities and intellectual capital to absorb, process, and apply knowledge.","['Singapore', 'knowledge economy', 'absorb', 'process', 'apply', 'knowledge']",Immigration_in_Singapore.pdf
What was the goal of attracting global talent to Singapore?,"The goal of attracting global talent to Singapore was to fill skill and capability gaps in the resident labor force, build connections between Singapore and global knowledge nodes, and transform Singapore from being a passive recipient of foreign investment to an active exporter of capital, talent, and capabilities to the region and the globe.","['fill', 'capability', 'gaps', 'resident', 'labour', 'force', 'build', 'connections', 'Singapore', 'passive', 'recipient', 'foreign', 'investment', 'active', 'exporter', 'capital', 'talent', 'capabilities', 'region', 'globe']",Immigration_in_Singapore.pdf
What was the social front precipitated by openness to immigration?,Openness to immigration was also precipitated by the belated recognition that Singapore's labor market problem had shifted from finding full employment for a rapidly growing population to finding a sufficiently large population for a rapidly growing economy.,"['recognition', 'labor', 'market', 'problem', 'shifted', 'finding', 'full', 'employment', 'rapidly', 'growing', 'population', 'sufficiently', 'large', 'economy']",Immigration_in_Singapore.pdf
What was the reason for the decline in fertility rates in Singapore?,"Fertility rates in Singapore declined significantly over the years, from one of the world's highest fertility rates in the 1950s to less than replacement fertility by the late 1970s, despite significant efforts to encourage marriage and procreation, particularly among higher-educated couples.","['significantly', 'less', 'replacement', 'fertility', 'couples']",Immigration_in_Singapore.pdf
What was the impact of the 1997 Asian Financial Crisis on Singapore's economy?,"The 1997 Asian Financial Crisis provided further impetus for reform in Singapore, as the economy was driven into a brief recession in 1998, and the associated rapid depreciation of many regional currencies worsened Singapore's cost competitiveness further.","['recession', 'cost competitiveness']",Immigration_in_Singapore.pdf
What was the significance of the Committee on Singapore's Competitiveness's report in shaping Singapore's future economic strategies?,"The Committee on Singapore's Competitiveness's report in 1998 played a significant role in shaping Singapore's future economic strategies, as it declared that Singapore should become a knowledge economy and attract global talent to fill skill and capability gaps in the resident labor force, build connections between Singapore and global knowledge nodes, and transform Singapore from being a passive recipient of foreign investment to an active exporter of capital, talent, and capabilities to the region and the globe.","['Singapore', 'knowledge economy', 'global talent', 'skill', 'capability', 'labor force', 'foreign investment', 'capital', 'talent', 'capabilities', 'region', 'globe']",Immigration_in_Singapore.pdf
What was the fertility rate of Singapore in the 1950s?,The fertility rate of Singapore in the 1950s was one of the highest in the world.,"['one', 'highest', 'world']",Immigration_in_Singapore.pdf
What was the fertility rate of Singapore by the late 1970s?,The fertility rate of Singapore by the late 1970s was less than replacement fertility.,"['less', 'than', 'replacement', 'fertility']",Immigration_in_Singapore.pdf
What was the main reason for the decline in fertility rate in Singapore?,"The main reason for the decline in fertility rate in Singapore was the government's efforts to encourage marriage and procreation, particularly among higher-educated couples.","[""government's efforts"", 'marriage', 'procreation', 'higher-educated couples']",Immigration_in_Singapore.pdf
What was the focus of the Prime Minister's speech in 1997?,"The focus of the Prime Minister's speech in 1997 was on outlining the government's plans for ""Gathering Talent,"" stating that Singapore needed intellectual capital to be a successful knowledge-based economy.","['Gathering Talent', 'intellectual capital', 'knowledge-based economy']",Immigration_in_Singapore.pdf
"What was the goal of the ""Gathering Talent"" initiative?","The goal of the ""Gathering Talent"" initiative was to attract and recruit highly skilled workers globally.","['attract', 'recruit', 'highly skilled', 'workers', 'globally']",Immigration_in_Singapore.pdf
What was the name of the committee established in 1998 to attract and recruit highly skilled workers?,The name of the committee established in 1998 to attract and recruit highly skilled workers was the Singapore Talent and Recruitment (STAR) committee.,['STAR'],Immigration_in_Singapore.pdf
"What was the purpose of the ""Global Schoolhouse"" project?","The purpose of the ""Global Schoolhouse"" project was to make Singapore a hub for international universities and to attract high-potential students to study in Singapore.","['Singapore', 'hub', 'international', 'universities', 'study']",Immigration_in_Singapore.pdf
What was the size of the non-resident labor force in 2008?,"The non-resident labor force in 2008 was more than one million workers, comprising more than one-third (34.41%) of the total workforce.","['more than one million', '34.41%']",Immigration_in_Singapore.pdf
What was the reason for the growth of the non-resident workforce in Singapore?,"The growth of the non-resident workforce in Singapore was due to the government's efforts to attract and recruit highly skilled workers globally, as well as the lack of any explicit policy of assimilation and policy ambivalence toward foreign workers more generally.","[""government's efforts"", 'highly skilled workers', 'lack of explicit policy', 'assimilation', 'policy ambivalence', 'foreign workers']",Immigration_in_Singapore.pdf
What was the trend in the proportion of foreign-born population in Singapore from 1960 to the 1990s?,The proportion of foreign-born population in Singapore gradually declined and plateaued from 1960 to the 1990s.,"['declined', 'plateaued']",Immigration_in_Singapore.pdf
What was the reason for the decline in the proportion of foreign-born population in Singapore during the period?,The decline was due to the lack of any explicit policy of assimilation and policy ambivalence toward foreign workers.,"['lack', 'assimilation', 'policy', 'ambivalence', 'foreign workers']",Immigration_in_Singapore.pdf
What happened to the proportion of foreign-born population in Singapore in the 1990s?,The proportion of foreign-born population in Singapore started to rapidly and continuously rise in the 1990s.,"['rapidly', 'rise']",Immigration_in_Singapore.pdf
How many persons were granted permanent resident status in Singapore in 2007?,"In 2007, 63,627 persons were granted permanent resident status in Singapore.","['63,627']",Immigration_in_Singapore.pdf
How many persons were granted Singapore citizenship in 2007?,"In 2007, 17,334 persons were granted Singapore citizenship.","['17,334']",Immigration_in_Singapore.pdf
What is the assumption regarding the majority of those granted permanent resident status in Singapore?,"It is assumed that the majority of those granted permanent resident status are selected from the high-skilled, economically active migrant worker population.","['high-skilled', 'economically active', 'migrant worker']",Immigration_in_Singapore.pdf
What is the difference in employment rates and wages between permanent residents and Singapore citizens?,Permanent residents have higher employment rates and wages compared to Singapore citizens.,"['permanent residents', 'Singapore citizens']",Immigration_in_Singapore.pdf
What is the percentage of migrants in the total population of Singapore?,"The percentage of migrants in the total population of Singapore has been steadily increasing, from 13.4% in 1960 to 33.8% in 2017.",['33.8%'],Immigration_in_Singapore.pdf
What is the demographic characteristic that is considered in naturalization policy in Singapore?,"Naturalization policy in Singapore considers the demographic characteristics of the applicant, such as their ethnic and/or cultural origins, in addition to their skills.","['ethnic', 'cultural', 'origins']",Immigration_in_Singapore.pdf
What is the concern raised in Parliament about the longer-term social effects of having large numbers of “Non-Traditional Source” workers in Singapore?,The concern raised in Parliament is that the presence of large numbers of “Non-Traditional Source” workers in Singapore for extended periods may have negative social effects on the society.,"['negative', 'social', 'effects']",Immigration_in_Singapore.pdf
What was the purpose of introducing the S Pass system in Singapore?,The S Pass system was introduced to manage medium-skilled foreign workers who fell short of the high-skilled threshold but were still needed for the economy.,"['introduce', 'manage', 'medium-skilled', 'foreign', 'workers', 'economy']",Immigration_in_Singapore.pdf
How did the foreign worker levy and dependency ratio ceiling change over time in Singapore?,"The foreign worker levy and dependency ratio ceiling were continually adjusted to calibrate the flow of and demand for low-skilled workers, while the approval criteria for high-skilled workers' Employment Passes were adjusted to ensure that incoming workers filled positions that required skills that were relatively rare in the resident population.","['calibrate', 'low-skilled', 'high-skilled', 'Employment Passes', 'resident population']",Immigration_in_Singapore.pdf
What was the reason for the rapid growth of the non-resident workforce in Singapore during the late 2000s?,"The rapid growth of the non-resident workforce in Singapore during the late 2000s was largely driven by the substantial expansion of the foreign workforce, which was needed to support the economy's growth.","['substantial', 'expansion', 'foreign', 'workforce', 'economy', 'growth']",Immigration_in_Singapore.pdf
What was the concern regarding low-skilled foreign workers in Singapore?,"The concern regarding low-skilled foreign workers in Singapore was that they were experiencing wage suppression from the ready availability of Work Permit holders, who were generally willing to work for lower effective wages than citizens.","['wage suppression', 'Work Permit holders', 'lower effective wages', 'citizens']",Immigration_in_Singapore.pdf
What was the concern regarding high-skilled foreign workers in Singapore?,"The concern regarding high-skilled foreign workers in Singapore was that the rapid growth in migrant high-skilled workers led to keen competition for Professional, Managerial, Executive, and Technical (PMET) jobs, which were demanded by an increasingly well-educated Singapore citizen workforce.","['rapid', 'growth', 'high-skilled', 'foreign', 'workers', 'competition', 'PMET', 'jobs', 'increasingly', 'well-educated', 'Singapore', 'citizen', 'workforce']",Immigration_in_Singapore.pdf
How did the number of Employment Pass holders change in the two years after the global financial crisis?,"The number of Employment Pass holders expanded by around 30,000 per year in the two years after the global financial crisis, which was a number two and a half times larger than the entire cohort each year of graduating university-educated residents.","['30,000', 'two years', 'global financial crisis']",Immigration_in_Singapore.pdf
What was the impact of the rapid growth of the non-resident workforce on Singapore's resident workforce?,"The rapid growth of the non-resident workforce in Singapore led to concerns that Singapore citizen low-wage workers were experiencing wage suppression, and that high-skilled foreign workers were competing with citizens for PMET jobs.","['wage suppression', 'competing with citizens for PMET jobs']",Immigration_in_Singapore.pdf
What was the government's response to the population backlash against foreign workers in Singapore?,"The government's response to the population backlash against foreign workers in Singapore was to adjust policies to accommodate sectoral challenges or opportunities, such as adjusting the foreign worker levy and dependency ratio ceiling, and introducing the S Pass system for medium-skilled workers.","['adjust', 'policies', 'accommodate', 'sectoral', 'challenges', 'opportunities', 'foreign', 'worker', 'levy', 'dependency', 'ratio', 'ceiling', 'introducing', 'S', 'Pass', 'system', 'medium-skilled', 'workers']",Immigration_in_Singapore.pdf
What was the purpose of the Foreign Talent strategy in Singapore?,The purpose of the Foreign Talent strategy in Singapore was to attract high-skilled workers who were needed for the economy's growth and to target them for long-term assimilation.,"['attract', 'high-skilled', 'workers', 'needed', ""economy's"", 'growth', 'target', 'long-term', 'assimilation']",Immigration_in_Singapore.pdf
What was the percentage of voter share that the ruling party received in the 2011 general election?,"The ruling party received 60.14% of the voter share in the 2011 general election, which was a significant decrease from the 66.6% they received in 2006.",['60.14%'],Immigration_in_Singapore.pdf
What was the main reason for the tightening of foreign worker policy in Singapore?,"The main reason for the tightening of foreign worker policy was the growing discontent among Singapore citizens towards the increasing number of foreign workers in the country, which was perceived to be contributing to wage suppression, higher expectations from employers, discrimination against Singapore citizens, and underemployment for high-skilled citizens.","['growing discontent', 'increasing number', 'foreign workers', 'Singapore citizens', 'wage suppression', 'higher expectations', 'discrimination', 'underemployment', 'high-skilled citizens']",Immigration_in_Singapore.pdf
What was the projected total population of Singapore by 2030 according to the White Paper on Population?,"According to the White Paper on Population, the projected total population of Singapore by 2030 was 6.9 million, supplemented by a non-resident population of 2.9 million to 3.1 million and an increase in new citizenship and permanent residents granted.",['6.9 million'],Immigration_in_Singapore.pdf
What was the result of the government's tightening of the Employment Pass scheme in 2012?,"The tightening of the Employment Pass scheme in 2012 resulted in a significant decrease in the number of Employment Pass holders, from around 30,000 per year to around 20,000 per year.","['decrease', '30,000', '20,000']",Immigration_in_Singapore.pdf
What was the reason for the increase in foreign worker levy in 2011-2013?,The foreign worker levy was increased in 2011-2013 to discourage employers from hiring too many foreign workers and to encourage them to hire more local workers instead.,"['discourage', 'hire', 'foreign workers', 'local workers']",Immigration_in_Singapore.pdf
What was the impact of the government's measures to tighten foreign worker policy on the growth of the non-resident workforce in Singapore?,"The growth of the non-resident workforce in Singapore plateaued in the mid-2010s, rising from 1.044 million workers in 2009 to around 1.415 million in 2016, while assimilation into the resident workforce slowed down significantly.","['plateaued', 'rising', '1.044 million', '1.415 million', '2009', '2016', 'slowed down']",Immigration_in_Singapore.pdf
How did the Ministry of Manpower (MOM) revise its Employment Pass scheme in 2012?,"The MOM revised its Employment Pass scheme in 2012 by tightening its eligibility requirements, including increasing the qualifying salaries of the P2 Pass and Q1 Pass, and raising the bar for older applicants to qualify for the Q1 Pass.","['tightening', 'eligibility', 'requirements', 'increasing', 'qualifying', 'salaries', 'raising', 'bar', 'older', 'applicants', 'qualify']",Immigration_in_Singapore.pdf
"What was the reason for the protest attended by 5,000 people in opposition to the White Paper on Population?","The protest was attended by 5,000 people in opposition to the White Paper on Population because the public perceived that the paper's proposals would lead to an increase in the number of foreign workers in Singapore, which would negatively impact the job market and the quality of life for Singaporeans.","['negatively', 'impact', 'Singaporeans']",Immigration_in_Singapore.pdf
What was the outcome of the government's efforts to disassociate population policy from the White Paper?,"The government's efforts to disassociate population policy from the White Paper were successful, as the White Paper was subsequently accepted by Parliament, but the government took steps to distance itself from the paper's proposals and to emphasize that population policy would be determined by the needs of the economy and society.","['successful', 'accepted', 'distancing', 'proposals', 'emphasize', 'needs', 'economy', 'society']",Immigration_in_Singapore.pdf
How did the government's measures to tighten foreign worker policy affect the number of new citizen and permanent resident grants?,"The government's measures to tighten foreign worker policy resulted in a significant decrease in the number of new citizen and permanent resident grants, slowing down to an average of about 20,000 and 30,000 per year, respectively.","['decrease', '20,000', '30,000']",Immigration_in_Singapore.pdf
What was the approximate number of foreign workers in Singapore in 2009?,The number of foreign workers in Singapore in 2009 was around 1.044 million.,['1.044 million'],Immigration_in_Singapore.pdf
What was the approximate number of foreign workers in Singapore in 2016?,The number of foreign workers in Singapore in 2016 was around 1.415 million.,['1.415 million'],Immigration_in_Singapore.pdf
What was the reason for the slowdown in assimilation into the resident workforce in Singapore?,"The slowdown in assimilation into the resident workforce in Singapore was due to measures to slow or halt foreign workforce growth, as well as a reduction in inflows of foreign students.","['slowdown', 'assimilation', 'resident', 'workforce', 'Singapore', 'measures', 'foreign', 'workforce', 'growth', 'reduction', 'inflows', 'foreign', 'students']",Immigration_in_Singapore.pdf
How many foreign students were admitted to Singapore in 2008?,"In 2008, 100,000 foreign students were admitted to Singapore.","['100,000']",Immigration_in_Singapore.pdf
How many foreign students were admitted to Singapore in 2012?,"In 2012, 84,000 foreign students were admitted to Singapore.","['84,000']",Immigration_in_Singapore.pdf
What is the main source of migrant inflow into Singapore?,The main source of migrant inflow into Singapore is foreign workers.,['foreign workers'],Immigration_in_Singapore.pdf
What is tripartism in the context of labor force policy in Singapore?,"Tripartism in the context of labor force policy in Singapore refers to the cooperative role of the government, employers, and labor unions in sustaining employment, business growth, and wage growth.","['Tripartism', 'government', 'employers', 'labor unions', 'employment', 'business growth', 'wage growth']",Immigration_in_Singapore.pdf
What is the role of the Economic Development Board in Singapore's immigration policy?,The Economic Development Board in Singapore is responsible for engaging foreign investors and multinational enterprises and prioritizing their needs in terms of labor market reforms and foreign manpower.,"['Economic Development Board', 'Singapore', 'labor market', 'foreign manpower']",Immigration_in_Singapore.pdf
What is the approach to managing foreign labor in Singapore?,"The approach to managing foreign labor in Singapore differs substantially by the skill level of migrants. Low-skilled migrants are viewed as temporary guest workers and are subject to strict conditions, while skilled foreigners are encouraged to bring their families and have a path to permanent residency or citizenship.","['temporary', 'guest', 'workers', 'strict', 'conditions', 'skilled', 'foreigners', 'families', 'permanent', 'residency', 'citizenship']",Immigration_in_Singapore.pdf
What is the rationale behind Singapore's immigration policy?,"The rationale behind Singapore's immigration policy is to maintain economic competitiveness and growth, fill labor shortages, and provide care services within the household, while also addressing demographic considerations such as low fertility and an aging population.","['maintain', 'economic', 'competitiveness', 'growth', 'fill', 'labor', 'shortages', 'provide', 'care', 'services', 'household', 'addressing', 'demographic', 'considerations', 'low', 'fertility', 'aging', 'population']",Immigration_in_Singapore.pdf
What is the percentage of low-skilled migrants in Singapore's foreign workforce according to Figure 3?,"According to Figure 3, low-skilled migrants in the form of Work Permit (WP) holders comprise around 50% of Singapore's foreign workforce.",['50%'],Immigration_in_Singapore.pdf
What is the purpose of the dependency ratio ceiling for employers in Singapore?,"The purpose of the dependency ratio ceiling is to limit the number of foreign workers that an employer can hire, in order to preserve resident jobs and promote complementarity between resident workers and foreign workers.","['limit', 'foreign workers', 'resident jobs', 'complementarity']",Immigration_in_Singapore.pdf
What is the qualifying salary criteria for S Pass holders in Singapore?,"The qualifying salary criteria for S Pass holders is set at more than S$3,000 but less than S$5,000, with a degree or diploma, and relevant work experience.","['S$3,000', 'S$5,000']",Immigration_in_Singapore.pdf
What is the main rationale behind the mechanisms to regulate the supply of low-skilled foreign workers in Singapore?,"The main rationale is to balance the need to supplement the labor force to sustain economic growth while keeping production costs reasonable, and at the same time to avoid excessive reliance on foreign workers.","['balance', 'supplement', 'labor force', 'economic growth', 'production costs', 'foreign workers']",Immigration_in_Singapore.pdf
How does the foreign worker levy vary in Singapore?,"The foreign worker levy varies by sector, source country, and skill level of the migrant.","['The', 'foreign', 'worker', 'levy', 'varies']",Immigration_in_Singapore.pdf
What is the objective of the qualifying wage criteria for S Pass holders?,The objective of the qualifying wage criteria for S Pass holders is to ensure that Employment Pass (EP) and S Pass holders are comparable in quality to the top one-third of local PMET and APT workforce respectively.,"['Ensure', 'quality', 'top', 'one-third', 'local', 'PMET', 'APT', 'workforce']",Immigration_in_Singapore.pdf
What is the percentage of foreign domestic helpers in Singapore's foreign workforce from 2009 to 2021?,Foreign domestic helpers accounted for around 15% to 20% of Singapore's foreign workforce from 2009 to 2021.,"['15%', '20%']",Immigration_in_Singapore.pdf
What is the purpose of the Work Permit (WP) scheme in Singapore?,"The Work Permit (WP) scheme is designed to allow foreign workers from approved source countries to work for a specified employer in certain sectors, such as construction, manufacturing, marine shipyard, process or the services sector.","['Work', 'Permit', 'scheme', 'Singapore', 'foreign', 'workers', 'approved', 'source', 'countries', 'specified', 'employer', 'sectors']",Immigration_in_Singapore.pdf
How has the Singapore government actively used the foreign worker levy and the dependency ratio ceiling in the past 30 years?,"The Singapore government has actively used both the foreign worker levy and the dependency ratio ceiling to achieve longer-term policy aims, as well as to manage the short-term flow of labor in response to economic cycles and other events.","['The', 'Singapore', 'government', 'has', 'actively', 'used', 'both', 'the', 'foreign', 'worker', 'levy', 'and', 'the', 'dependency', 'ratio', 'ceiling', 'to', 'achieve', 'longer-term', 'policy', 'aims', 'as', 'well', 'as', 'to', 'manage', 'the', 'short-term', 'flow', 'of', 'labor', 'in', 'response', 'to', 'economic', 'cycles', 'and', 'other', 'events']",Immigration_in_Singapore.pdf
What is the name of the framework that regulates the hiring of low-skilled and medium-skilled temporary foreign workers in Singapore?,The framework that regulates the hiring of low-skilled and medium-skilled temporary foreign workers in Singapore is known as the Work Permit (WP) and S Pass scheme.,"['Work Permit', 'S Pass']",Immigration_in_Singapore.pdf
What has the Singapore government done to manage the short-term flow of labor in response to economic cycles and other events?,"The Singapore government has actively used both the foreign worker levy and the dependency ratio ceiling to achieve longer-term policy aims, as well as to manage the short-term flow of labor in response to economic cycles and other events.","['The', 'Singapore', 'government', 'has', 'actively', 'used', 'both', 'the', 'foreign', 'worker', 'levy', 'and', 'the', 'dependency', 'ratio', 'ceiling', 'to', 'achieve', 'longer-term', 'policy', 'aims', 'as', 'well', 'as', 'to', 'manage', 'the', 'short-term', 'flow', 'of', 'labor', 'in', 'response', 'to', 'economic', 'cycles', 'and', 'other', 'events']",Immigration_in_Singapore.pdf
What is the purpose of the Foreign Maid Scheme in Singapore?,The Foreign Maid Scheme was introduced in 1978 to facilitate the hiring of domestic workers from regional countries beyond Malaysia to provide live-in domestic help as a means to ensure affordable child care and elder care to encourage female residents to enter the labor force.,"['To', 'facilitate', 'domestic', 'workers', 'regional', 'countries', 'beyond', 'Malaysia', 'live-in', 'domestic', 'help', 'affordable', 'child', 'care', 'elder', 'care', 'encourage', 'female', 'residents', 'labor', 'force']",Immigration_in_Singapore.pdf
What are the requirements for foreign domestic workers (FDWs) in Singapore?,"FDWs must be female, between the ages of 23 to 50, have a minimum of 8 years of formal education, and be from an approved source country or region. They must also meet age, nationality, and education requirements to quality for a Work Permit.","['female', '23', '50', '8', 'approved', 'source', 'country', 'region', 'Work', 'Permit']",Immigration_in_Singapore.pdf
What are the requirements for employers who wish to hire an FDW in Singapore?,"Employers must be 21 years and above and be financially solvent. They are also required to pay a monthly levy, with concessionary rates available to older employers as well as those with disabilities, as well as employers residing with young children, older parents/grandparents, and/or disabled family members.","['21', 'financially solvent', 'monthly levy', 'concessionary rates', 'older employers', 'disabled', 'young children', 'older parents/grandparents', 'disabled family members']",Immigration_in_Singapore.pdf
What is the purpose of the Employment Pass (EP) in Singapore?,"The EP is meant for foreign professionals, managers, and executives and is granted for a period of two years in the first instance, and thereafter is subjected to renewal on a three-year basis. The policy objective for managing the EP qualifying salary is to maintain the quality of EP holders to be comparable to the upper one-third of resident workers in the same skill category.","['The', 'EP', 'is', 'meant', 'for', 'foreign', 'professionals', 'managers', 'and', 'executives']",Immigration_in_Singapore.pdf
What are the criteria governing the issuance of the EP in Singapore?,"Employers must demonstrate that they posted the job offer on the official online job portal approved by the Singapore government and have fairly considered residents for the role, before they are eligible to apply for the EP.","['Employers', 'must', 'demonstrate', 'posted', 'job', 'offer', 'official', 'online', 'job', 'portal', 'approved', 'Singapore', 'government', 'fairly', 'considered', 'residents', 'role', 'eligible', 'apply', 'EP']",Immigration_in_Singapore.pdf
Can EP holders bring their family members into Singapore?,"Yes, EP holders who earn at least S$6,000 are allowed to bring their family members into Singapore under a dependent’s Pass.",['Yes'],Immigration_in_Singapore.pdf
Is there a quota on the number of EPs that can be granted in Singapore?,"No, there is no quota on the number of EPs that can be granted in Singapore.",['No'],Immigration_in_Singapore.pdf
Can EP holders change employers freely in Singapore?,"No, EP holders cannot change employers freely in Singapore.",['No'],Immigration_in_Singapore.pdf
What is the purpose of the dependency ratio ceiling in Singapore?,"The dependency ratio ceiling is used to manage the short-term flow of labor in response to economic cycles and other events, and to achieve longer-term policy aims. It is lowered in selected sectors to reduce Singapore’s reliance on foreign workers.","['dependency ratio ceiling', 'Singapore', 'foreign workers']",Immigration_in_Singapore.pdf
