,question,answer,question_type,filename
0,What are some of the rights protected by the EU Charter that are relevant to the use of AI systems in the context of manufacturing or personal assistance and care?,"The rights protected by the EU Charter that are relevant to the use of AI systems in the context of manufacturing or personal assistance and care include the right to safety, the right to health, and the right to non-discrimination.",simple,TA-9-2023-0236_EN.pdf
1,What are some of the rights protected by the EU Charter that are relevant to the use of AI systems in the health sector?,"The rights protected by the EU Charter that are relevant to the use of AI systems in the health sector include the right to life, the right to health, the right to protection of personal data, and the right to non-discrimination.",simple,TA-9-2023-0236_EN.pdf
2,What are the fundamental rights protected by the Charter that are relevant when classifying an AI system as high-risk?,"The fundamental rights protected by the Charter that are relevant when classifying an AI system as high-risk include the right to human dignity, respect for private and family life, protection of personal data, freedom of expression and information, freedom of assembly and of association, and non-discrimination.",simple,TA-9-2023-0236_EN.pdf
3,What are the three exhaustively listed and narrowly defined situations in which the use of 'real-time' remote biometric identification systems is allowed?,"The three exhaustively listed and narrowly defined situations in which the use of 'real-time' remote biometric identification systems is allowed are: (1) the detection, localisation, identification or prosecution of a perpetrator or suspect of a criminal offence; (2) the prevention of a criminal offence that is likely to result in serious harm to individuals or the community; and (3) the protection of a person's life or liberty.",simple,TA-9-2023-0236_EN.pdf
4,What is the relationship between the EU Charter and the United Nations Convention on the Rights of the Child in relation to children's rights and AI systems?,"The EU Charter and the United Nations Convention on the Rights of the Child both protect children's rights and require consideration of their vulnerabilities and provision of protection and care necessary for their well-being, particularly in the digital environment.",simple,TA-9-2023-0236_EN.pdf
5,How does the prohibition on AI systems that categorize natural persons or provide social scoring relate to the provisions contained in Directive 2005/29/EC?,"The prohibition on AI systems that categorize natural persons or provide social scoring is complementary to the provisions contained in Directive 2005/29/EC, which prohibit unfair commercial practices, including those that use AI systems, and are intended to protect consumers from manipulative or exploitative practices.",simple,TA-9-2023-0236_EN.pdf
6,"Can Member States or the Union maintain or introduce laws, regulations, or administrative provisions that are more favourable to workers in terms of protecting their rights in respect of the use of AI systems by employers?","Yes, Member States or the Union can maintain or introduce laws, regulations, or administrative provisions that are more favourable to workers in terms of protecting their rights in respect of the use of AI systems by employers, or to encourage or allow the application of collective agreements which are more favourable to workers.",simple,TA-9-2023-0236_EN.pdf
7,Is it necessary for the provider or deployer of an AI system to have the intention to cause significant harm for the system to be prohibited?,"No, it is not necessary for the provider or deployer to have the intention to cause significant harm. The prohibition applies as long as the AI system results in manipulative or exploitative practices that expose natural persons to harm.",simple,TA-9-2023-0236_EN.pdf
8,"What is the purpose of the amendment proposed by the Commission to the proposal for a regulation on artificial intelligence in relation to the development, marketing, and use of AI systems?","The purpose of the amendment proposed by the Commission to the proposal for a regulation on artificial intelligence in relation to the development, marketing, and use of AI systems is to ensure that AI systems are developed, marketed, and used in a way that is consistent with Union values and that promotes a high level of protection of health, safety, fundamental rights, democracy, and the rule of law, and",simple,TA-9-2023-0236_EN.pdf
9,"What is the difference between the prohibition on certain AI systems and the limitation on the use of AI systems with the objective to or the effect of materially distorting human behavior, according to Recital 16?","The prohibition on certain AI systems is a general prohibition on the placing on the market, putting into service or use of certain AI systems intended to distort human behavior, while the limitation on the use of AI systems with the objective to or the effect of materially distorting human behavior is a specific limitation on the use of neuro-technologies assisted by AI systems that are used to monitor, use, or influence neural data gathered through brain-computer interfaces insofar as they are materially distorting the behavior of a natural person in a manner that causes or is likely to cause that person or another person significant harm.",simple,TA-9-2023-0236_EN.pdf
10,What is the significance of the opinion of the European Data Protection Board and the European Data Protection Supervisor in the proposal for a regulation on artificial intelligence?,The opinion of the European Data Protection Board and the European Data Protection Supervisor in the proposal for a regulation on artificial intelligence is significant as it provides guidance on the processing of personal data in the context of artificial intelligence systems.,simple,TA-9-2023-0236_EN.pdf
11,"What are the exceptions to the non-application of the Regulation to free and open-source AI components, according to Recital 12b?","The exceptions to the non-application of the Regulation to free and open-source AI components, according to Recital 12b, are when they are placed on the market or put into service by a provider as part of a high-risk AI system or an AI system that falls under Title II or IV of this Regulation.",simple,TA-9-2023-0236_EN.pdf
12,What is the significance of the joint opinion of the European Data Protection Board and the European Data Protection Supervisor in the proposal for a regulation?,The joint opinion of the European Data Protection Board and the European Data Protection Supervisor is significant in the proposal for a regulation as it provides guidance on the processing of personal data in the context of artificial intelligence systems.,simple,TA-9-2023-0236_EN.pdf
13,What is the role of the judicial authority or independent administrative authority in the use of 'real-time' remote biometric identification systems?,The judicial authority or independent administrative authority is responsible for granting an express and specific authorisation for the use of 'real-time' remote biometric identification systems in publicly accessible spaces for the purpose of law enforcement.,simple,TA-9-2023-0236_EN.pdf
14,What is the significance of the right to good administration in relation to AI systems and fundamental rights?,"The right to good administration is protected by the EU Charter and requires that the development and use of AI systems be transparent, accountable, and subject to oversight and monitoring to ensure that they do not infringe on fundamental rights.",simple,TA-9-2023-0236_EN.pdf
15,Can public authorities in third countries or international organizations use AI systems in the framework of international agreements for law enforcement and judicial cooperation with the Union or with one or more Member States?,"Yes, public authorities in third countries or international organizations can use AI systems in the framework of international agreements for law enforcement and judicial cooperation with the Union or with one or more Member States, provided that those authorities or organizations are subject to a decision of the Commission adopted in accordance with Article 36 of Directive (EU)2016/680 or Article 45 of Regulation 2016/679 (adequacy decision) or are part of an international agreement concluded between the Union and that third country or international organization pursuant to Article 218 TFUE providing adequate safeguards with respect to the protection of privacy and fundamental rights and freedoms of individuals.",simple,TA-9-2023-0236_EN.pdf
16,What is the role of Amendment 56 Proposal for a regulation Recital 28a in relation to AI systems and fundamental rights?,Amendment 56 Proposal for a regulation Recital 28a highlights the importance of considering the extent of the adverse impact caused by an AI system on fundamental rights protected by the Charter when classifying an AI system as high-risk.,simple,TA-9-2023-0236_EN.pdf
17,What is the threshold for the custodial sentence or detention order in accordance with national law?,The threshold for the custodial sentence or detention order in accordance with national law is that the offence should be serious enough to potentially justify the use of 'real-time' remote biometric identification systems.,simple,TA-9-2023-0236_EN.pdf
18,"What is the significance of Article 5(1), point (d), of the Regulation adopted on the basis of Article 16 of the TFEU?","Article 5(1), point (d), of the Regulation adopted on the basis of Article 16 of the TFEU relates to the processing of personal data by the Member States when carrying out activities falling within the scope of Chapter 4 or Chapter 5 of Title V of Part Three of the TFEU.",simple,TA-9-2023-0236_EN.pdf
19,"What is the limitation on the use of AI systems with the objective to or the effect of materially distorting human behavior, according to Recital 16?","The limitation on the use of AI systems with the objective to or the effect of materially distorting human behavior, according to Recital 16, includes neuro-technologies assisted by AI systems that are used to monitor, use, or influence neural data gathered through brain-computer interfaces insofar as they are materially distorting the behavior of a natural person in a manner that causes or is likely to cause that person or another person significant harm.",simple,TA-9-2023-0236_EN.pdf
20,What is the purpose of the prohibition on AI systems that categorize natural persons by assigning them to specific categories based on sensitive or protected characteristics?,"The purpose of the prohibition is to prevent discrimination and protect human dignity, as such systems violate human dignity and hold a great risk of discrimination.",simple,TA-9-2023-0236_EN.pdf
21,What is the significance of the UNCRC General Comment No. 25 in relation to children's rights and AI systems?,The UNCRC General Comment No. 25 provides guidance on the implementation of children's rights in the digital environment and highlights the need for consideration of children's vulnerabilities and provision of protection and care necessary for their well-being in the development and use of AI systems.,simple,TA-9-2023-0236_EN.pdf
22,What is the significance of the distinction between 'real-time' and 'post' remote biometric identification systems?,The distinction between 'real-time' and 'post' remote biometric identification systems is significant because it affects the level of privacy and security that is required for the system to be used in a way that respects the privacy and security of natural persons.,simple,TA-9-2023-0236_EN.pdf
23,"What is the relevance of the adverse impact caused by an AI system on fundamental rights, according to Amendment 55 Proposal for a regulation Recital 28?","The adverse impact caused by an AI system on fundamental rights, including the right to human dignity, respect for private life, and protection of personal data, is of particular relevance when classifying an AI system as high-risk.",simple,TA-9-2023-0236_EN.pdf
24,"How does the Regulation aim to ensure a high level of protection of health, safety, fundamental rights, democracy, and the rule of law, and the environment from harmful effects of artificial intelligence systems?","The Regulation aims to ensure a high level of protection of health, safety, fundamental rights, democracy, and the rule of law, and the environment from harmful effects of artificial intelligence systems by laying down a uniform legal framework that ensures the development, marketing, and use of artificial intelligence in conformity with Union values.",simple,TA-9-2023-0236_EN.pdf
25,What is the purpose of the amendment proposed by the Commission to the proposal for a regulation on artificial intelligence?,"The purpose of the amendment proposed by the Commission to the proposal for a regulation on artificial intelligence is to improve the functioning of the internal market by laying down a uniform legal framework for the development, marketing, and use of artificial intelligence in conformity with Union values, while ensuring a high level of protection of health, safety, fundamental rights, democracy, and the rule of law, and the environment from harmful effects of artificial intelligence systems.",simple,TA-9-2023-0236_EN.pdf
26,What is the importance of considering children's rights when assessing the severity of harm caused by an AI system?,"Children have specific rights as enshrined in Article 24 of the EU Charter and in the United Nations Convention on the Rights of the Child, which require consideration of their vulnerabilities and provision of protection and care necessary for their well-being, particularly in the digital environment.",simple,TA-9-2023-0236_EN.pdf
27,"What are the requirements that should apply to high-risk AI systems, according to Recital 43?","The requirements that should apply to high-risk AI systems include quality of data sets used, technical documentation and record-keeping, transparency and the provision of information to users, human oversight, and robustness, accuracy and cybersecurity.",simple,TA-9-2023-0236_EN.pdf
28,Why should AI systems used in health and life insurance be classified as high-risk?,"AI systems used in health and life insurance may have a significant impact on persons’ livelihood and may infringe their fundamental rights, such as by limiting access to healthcare or by perpetuating discrimination based on personal characteristics.",simple,TA-9-2023-0236_EN.pdf
29,"What are the practices that should not be affected by the Regulation, according to Amendment 54 Proposal for a regulation Recital 27?","The practices that should not be affected by the Regulation include those prohibited by Union legislation, including data protection law, non-discrimination law, consumer protection law, and competition law.",simple,TA-9-2023-0236_EN.pdf
30,"Under what circumstances can the use of 'real-time' remote biometric identification systems be authorized in situations of urgency, given that the system's use is subject to strict conditions and limitations, and how can the appropriate balance between the need for security and the protection of individual rights and freedoms be struck in such situations?","Yes, the use of 'real-time' remote biometric identification systems can be authorised in situations of urgency, but only in exceptional circumstances and subject to appropriate safeguards and conditions.",conditional,TA-9-2023-0236_EN.pdf
31,"What dual purpose do the requirements for high-risk AI systems serve, according to Recital 42, in regards to mitigating risks for users and affected persons, and ensuring compliance with EU primary law and international human rights treaties?","The purpose of the requirements for high-risk AI systems is to mitigate the risks from such systems for users and affected persons, taking into account the intended purpose of the use of the system and according to the risk management system to be established by the provider.",conditional,TA-9-2023-0236_EN.pdf
32,How does the distinction between 'real-time' and 'post' remote biometric identification systems affect their use and regulation?,"'Real-time' systems involve the capturing, comparison, and identification of biometric data all instantaneously or near-instantaneously, without a significant delay. In contrast, 'post' systems involve the use of biometric data that has already been captured, and the comparison and identification occur only after a significant delay.",conditional,TA-9-2023-0236_EN.pdf
33,"How should AI systems that pose a significant risk to health, safety, and fundamental rights be regulated to ensure public interest protection while minimizing trade restrictions, according to the proposed EU regulation?","The purpose of limiting high-risk AI systems is to minimize any potential restriction to international trade, while ensuring alignment with sectoral legislation and avoiding duplications.",conditional,TA-9-2023-0236_EN.pdf
34,"What areas and use-cases are considered high-risk, according to Amendment 55 Proposal for a regulation Recital 28, and how does the proposal aim to mitigate potential risks while ensuring alignment with sectoral legislation and minimizing restrictions to international trade?","The areas and use-cases that are considered high-risk include those that have a significant harmful impact on the health, safety, and fundamental rights of persons in the Union.",conditional,TA-9-2023-0236_EN.pdf
35,"What dual purpose do legally binding rules serve regarding AI systems, considering Recital 41a and other relevant regulations?","The legally binding rules that apply to AI systems include EU primary law, EU secondary law, UN Human Rights treaties, Council of Europe conventions, and national law.",conditional,TA-9-2023-0236_EN.pdf
36,"What requirements must high-risk AI systems meet to ensure they do not pose unacceptable risks to important Union public interests, and how does the limitation on high-risk AI systems minimize potential restrictions to international trade?","The requirements for high-risk AI systems include ensuring that they do not pose unacceptable risks to important Union public interests, including fundamental rights, democracy, the rule of law, and the environment.",conditional,TA-9-2023-0236_EN.pdf
37,"What dual purpose do high-quality training, validation, and testing data sets serve, according to Recital 44, in ensuring AI system performance and preventing discrimination?","High-quality training, validation and testing data sets should be sufficiently relevant, representative and free of errors, and complete in view of the intended purpose of the system. They should also have the appropriate statistical properties, including as regards the persons or groups of persons on which the high-risk AI system is intended to be used.",conditional,TA-9-2023-0236_EN.pdf
38,"What potential dangers do AI systems pose when they operate as components of products, particularly in regards to health, safety, and fundamental rights, according to Amendment 55 Proposal for a regulation Recital 28?","The concern is that AI systems operating as components of products may generate safety risks that need to be prevented and mitigated, particularly in the health sector where the stakes for life and health are high.",conditional,TA-9-2023-0236_EN.pdf
39,"What are the limitations and safeguards for using 'real-time' remote biometric identification systems in public spaces for law enforcement, and how does the reference database of persons serve this purpose?",The reference database of persons is used to compare the biometric data of individuals detected by the 'real-time' remote biometric identification systems with the biometric data of known individuals in order to identify them.,conditional,TA-9-2023-0236_EN.pdf
40,"Considering the potential for AI systems to impact fundamental rights and livelihood, should AI systems be used to determine the eligibility of individuals for public assistance benefits and services, such as healthcare, housing, and financial resources, or should human evaluation and judgment be prioritized to avoid potential discrimination and ensure access to essential services?","No, AI systems should not be used to determine whether public assistance benefits and services should be denied, reduced, revoked or reclaimed, as they may have a significant impact on persons’ livelihood and may infringe their fundamental rights.",conditional,TA-9-2023-0236_EN.pdf
41,"How does the Council Framework Decision 2002/584/JHA ensure responsible use of 'real-time' remote biometric identification systems in law enforcement, considering the seriousness and probability of harm?",The purpose of the Council Framework Decision 2002/584/JHA is to provide a legal framework for the use of 'real-time' remote biometric identification systems in publicly accessible spaces for the purpose of law enforcement.,conditional,TA-9-2023-0236_EN.pdf
42,How does the proposed Regulation's relationship with other Union legal acts related to consumer protection and product safety affect its applicability to public authorities and international organizations?,The proposed Regulation is without prejudice to the rules laid down by other Union legal acts related to consumer protection and product safety.,conditional,TA-9-2023-0236_EN.pdf
43,"How does the proposed Artificial Intelligence Act address the issue of fragmentation of the internal market in relation to AI systems, while ensuring compliance with fundamental rights and promoting innovation and employment?","The Regulation addresses the issue of fragmentation of the internal market in relation to artificial intelligence systems by laying down a uniform legal framework that ensures a high level of protection of health, safety, fundamental rights, democracy, and the rule of law, and the environment from harmful effects of artificial intelligence systems, while supporting innovation and improving the functioning of the internal market.",conditional,TA-9-2023-0236_EN.pdf
44,"What dual responsibility does a provider have concerning AI systems, according to Recital 42?",The provider of the high-risk AI system is responsible for establishing the risk management system.,conditional,TA-9-2023-0236_EN.pdf
45,How does remote biometric identification systems differ from close proximity individual verification systems in terms of their purpose and functionality?,"Remote biometric identification systems are designed to identify natural persons at a distance, whereas close proximity individual verification systems are designed to confirm whether a specific natural person presenting themselves for identification is permitted, such as in order to gain access to a service, a device, or premises.",conditional,TA-9-2023-0236_EN.pdf
46,"How does the Regulation distinguish between 'real-time' and 'post' remote biometric identification systems, and what are the implications of this distinction?","The Regulation applies to all types of biometric data, including facial recognition, fingerprint recognition, and iris recognition, among others.",conditional,TA-9-2023-0236_EN.pdf
47,How does the EU Charter's emphasis on environmental protection influence Union policies regarding AI systems' potential risks to human rights and the environment?,"The EU Charter enshrines the fundamental right to a high level of environmental protection, which is implemented in Union policies and should be considered when assessing the severity of harm that an AI system can cause, including in relation to the health and safety of persons or to the environment.",conditional,TA-9-2023-0236_EN.pdf
48,"Under what circumstances should AI systems be prohibited from providing social scoring for general purposes by public authorities or on their behalf, and how can such prohibition ensure non-discrimination and uphold human dignity?","Such systems may lead to discriminatory outcomes and the exclusion of certain groups, and may violate the right to dignity and non-discrimination and the values of equality and justice.",conditional,TA-9-2023-0236_EN.pdf
49,"Considering the ethical concerns surrounding AI systems, what categories of sensitive or protected characteristics should be exempt from AI categorization to avoid discrimination and uphold human dignity?","Examples include gender, gender identity, race, ethnic origin, migration or citizenship status, political orientation, sexual orientation, religion, disability, or any other grounds on which discrimination is prohibited under Article 21 of the Charter of Fundamental Rights of the European Union, as well as under Article 9 of Regulation (EU)2016/769.",conditional,TA-9-2023-0236_EN.pdf
50,How does the function of embedded and non-embedded AI systems differ concerning their autonomy and relationship with their environment?,"Embedded AI systems are integrated into a physical product, whereas non-embedded AI systems are used to serve the functionality of a physical product without being integrated therein.",conditional,TA-9-2023-0236_EN.pdf
51,"How does the European Central Bank's opinion factor into the proposed regulation on artificial intelligence, particularly in regards to ensuring a uniform legal framework for the development, marketing, and use of AI systems across the EU while addressing concerns about health, safety, fundamental rights, democracy, rule of law, and the environment?","The European Central Bank has been consulted in the proposal for a regulation on artificial intelligence, and its opinion has been taken into account in the drafting of the Regulation.",conditional,TA-9-2023-0236_EN.pdf
52,"What concerns does the Artificial Intelligence Act address in specific sectors and use cases, according to its annexes?","The concerns specifically addressed in the critical sectors and use cases listed in the annexes to the Regulation include the impact of artificial intelligence systems on democracy and rule of law, and the environment.",conditional,TA-9-2023-0236_EN.pdf
53,"What are the limitations and potential risks associated with the use of AI systems in law enforcement, border management, workplace, and education institutions, and how can they be addressed through prohibitive measures?","Protocol No 21 sets out the rules for the processing of personal data by Member States when carrying out activities falling within the scope of Chapter 4 or Chapter 5 of Title V of Part Three of the TFEU, and specifies that Ireland is not bound by these rules.",conditional,TA-9-2023-0236_EN.pdf
54,"How does the definition of remote biometric identification system distinguish between real-time and post systems, and how does it relate to the notion of publicly accessible space?","A remote biometric identification system is defined functionally as an AI system intended for the identification of natural persons at a distance through the comparison of a person’s biometric data with the biometric data contained in a reference database, and without prior knowledge whether the targeted person will be present and can be identified.",conditional,TA-9-2023-0236_EN.pdf
55,"Under what conditions should AI systems used in public administration be classified as high-risk, considering the potential impact on fundamental rights and livelihood, and how can the development and use of innovative approaches in public administration be promoted while ensuring safety and compliance?","AI systems used in public administration may have a significant impact on persons’ livelihood and may infringe their fundamental rights, such as the right to social protection, non-discrimination, human dignity or an effective remedy.",conditional,TA-9-2023-0236_EN.pdf
56,"How does the European Parliament's proposed Regulation aim to promote human-centric and trustworthy AI while ensuring a uniform legal framework for AI development, marketing, and use across the EU?","The Regulation aims to promote the uptake of human-centric and trustworthy artificial intelligence by laying down a uniform legal framework that ensures a high level of protection of health, safety, fundamental rights, democracy, and the rule of law, and the environment from harmful effects of artificial intelligence systems, while supporting innovation and improving the functioning of the internal market.",conditional,TA-9-2023-0236_EN.pdf
57,How should AI systems in law enforcement be classified considering their potential to impact fundamental rights and livelihoods of individuals?,"AI systems used in law enforcement may significantly affect the lives or the fundamental rights of individuals, and may lead to surveillance, arrest or deprivation of a natural person’s liberty as well as other adverse impacts on fundamental rights guaranteed in the Charter.",conditional,TA-9-2023-0236_EN.pdf
58,"How does the General Data Protection Regulation (GDPR) address the processing of biometric data, and what are the distinctions between real-time and post remote biometric identification systems according to the regulation?",The purpose of the GDPR is to protect natural persons with regard to the processing of personal data and on the free movement of such data.,conditional,TA-9-2023-0236_EN.pdf
59,"What AI practices should be prohibited according to Recital 16, and what are the potential harms associated with them?","AI systems may exploit vulnerabilities of individuals and specific groups of persons due to their known or predicted personality traits, age, physical or mental incapacities, social or economic situation, according to Recital 16.",conditional,TA-9-2023-0236_EN.pdf
60,How does the Regulation distinguish between real-time and post remote biometric identification systems in relation to consent?,"The Regulation addresses the issue of consent by clarifying that the notion of biometric identification is independent from the individual’s consent, and that the definition of remote biometric identification system applies even when warning notices are placed in the location that is under surveillance of the remote biometric identification system.",conditional,TA-9-2023-0236_EN.pdf
61,"How does the term ""black box element"" relate to AI systems' ability to operate autonomously and adapt to new tasks?","The ""black box element"" refers to the complex and opaque characteristics of many AI systems, particularly those that use machine learning approaches, which make it difficult for humans to understand, monitor, and trace back to specific inputs.",conditional,TA-9-2023-0236_EN.pdf
62,"Under what conditions should AI systems used for credit evaluation be classified as high-risk, considering their potential to perpetuate discrimination and impact access to essential services, and how does this classification differ for AI systems used in law enforcement or public administration?","AI systems used for credit evaluation may lead to discrimination of persons or groups and perpetuate historical patterns of discrimination, and may create new forms of discriminatory impacts.",conditional,TA-9-2023-0236_EN.pdf
63,"What dual purpose does the risk management system serve, according to Recital 42, in relation to high-risk AI systems on the Union market, considering the intended purpose of use and reasonably foreseeable misuse?","The purpose of the risk management system is to identify, assess and mitigate the risks associated with high-risk AI systems, taking into account the intended purpose of the use of the system and the reasonably foreseeable misuse of the system.",conditional,TA-9-2023-0236_EN.pdf
64,"What practices are prohibited when developing and using AI systems, and what are the reasons for these prohibitions?","AI systems can be used for manipulative, exploitative, and social control practices that are harmful and should be prohibited because they contradict Union values of respect for human dignity, freedom, equality, democracy, and the rule of law, and Union fundamental rights, including the right to non-discrimination, data protection, and privacy, and the rights of the child.",conditional,TA-9-2023-0236_EN.pdf
65,How does the Regulation's transparency obligation for AI systems balance the need for public safety and fundamental rights with the promotion of innovation and development in the AI industry?,The purpose of the transparency obligations laid down by the Regulation according to Recital 14 is to ensure that certain AI systems are transparent about their functioning and performance.,conditional,TA-9-2023-0236_EN.pdf
66,"Considering the potential for discrimination and impact on fundamental rights, what classification should AI systems used for detecting fraud in offering financial services be given, and how does this relate to AI systems used for evaluating creditworthiness or determining access to financial resources, public assistance benefits, or emergency response services?","No, AI systems used for detecting fraud in offering financial services should not be considered as high-risk under this Regulation.",conditional,TA-9-2023-0236_EN.pdf
67,"How does Recital 20 of the Proposal for a regulation ensure responsible use of 'real-time' remote biometric identification systems in law enforcement, taking into account the nature of the situation, consequences, and safeguards for individuals' rights and freedoms?",Recital 20 of the Proposal for a regulation sets out the reasons why the use of 'real-time' remote biometric identification systems should be subject to appropriate limits in time and space.,conditional,TA-9-2023-0236_EN.pdf
68,"How does Recital 22 of the Proposal for a regulation ensure responsible use of 'real-time' remote biometric identification systems in law enforcement, given its relation to the European arrest warrant and surrender procedures between Member States?",Recital 22 of the Proposal for a regulation provides that the use of 'real-time' remote biometric identification systems in the territory of a Member State should only be possible where and in as far as the Member State in question has decided to expressly provide for the possibility to authorise such use in its detailed rules of national law.,conditional,TA-9-2023-0236_EN.pdf
69,"How does the proposed Regulation define biometric data, and how does it relate to AI systems?","The notion of biometric data used in the proposed Regulation refers to data resulting from specific technical processing relating to physical, physiological or behavioural signals of a natural person, such as facial expressions, movements, pulse frequency, voice, key strikes or gait, which may or may not allow or confirm the unique identification of a natural person.",conditional,TA-9-2023-0236_EN.pdf
70,"What dual purpose does high data quality serve for AI systems, according to Recital 44, in terms of ensuring performance and preventing discrimination?","High data quality is essential for the performance of many AI systems, especially when techniques involving the training of models are used, with a view to ensure that the high-risk AI system performs as intended and safely and does not become the source of discrimination prohibited by Union law.",conditional,TA-9-2023-0236_EN.pdf
71,"How should AI systems be regulated to prevent harm while still promoting technological advancements and international trade, according to Amendment 55 Proposal for a regulation Recital 28?","The purpose of regular assessment is to ensure that the list of high-risk areas and use-cases in Annex III is subject to permanent review, taking into account the rapid pace of technological development and potential changes in the use of AI systems.",conditional,TA-9-2023-0236_EN.pdf
72,"How does Amendment 46 of the Proposal for a regulation ensure responsible use of 'real-time' remote biometric identification systems in law enforcement, considering its purpose and the conditions it sets for authorization and use?",Amendment 46 of the Proposal for a regulation aims to provide for the possibility of authorising the use of 'real-time' remote biometric identification systems in respect of some of the objectives capable of justifying authorised use identified in this Regulation.,conditional,TA-9-2023-0236_EN.pdf
73,"What are the concerns regarding AI systems used by law enforcement authorities or on their behalf to make predictions, profiles, or risk assessments based on profiling of natural persons or data analysis based on personality traits and characteristics, and how can their use be regulated to prevent potential violations of human dignity and the principle of presumption of innocence?","Such AI systems hold a particular risk of discrimination against certain persons or groups of persons, as they violate human dignity as well as the key legal principle of presumption of innocence, and therefore should be prohibited.",conditional,TA-9-2023-0236_EN.pdf
74,"Considering the provided context, what are the restrictions on AI systems used by law enforcement or border management, and how do they relate to the scope of Chapter 4 and Chapter 5 of Title V of Part Three of the TFEU?","Chapter 4 of Title V of Part Three of the TFEU relates to the processing of personal data by the Member States when carrying out activities falling within the scope of the area of freedom, security and justice, while Chapter 5 relates to the processing of personal data by the Member States for the purpose of preventing and combating crime and terrorism.",conditional,TA-9-2023-0236_EN.pdf
75,"What factors may not be assumed to distort human behavior, according to Recital 16?","According to Recital 16, factors external to the AI system that are outside of the control of the provider or the user, such as factors that may not be reasonably foreseen and mitigated by the provider or the deployer of the AI system, may not be presumed to distort human behavior.",compress,TA-9-2023-0236_EN.pdf
76,Is social scoring by AI legit?,"Yes, such systems can be used for legitimate purposes such as research, but only if they are carried out in accordance with recognized ethical standards for scientific research and on the basis of specific informed consent of the individuals that are exposed to them, or where applicable, of their legal guardian.",compress,TA-9-2023-0236_EN.pdf
77,What's the importance of Proposal Amendment 43?,Amendment 43 of the Proposal for a regulation aims to ensure that the use of 'real-time' remote biometric identification systems is used in a responsible and proportionate manner by establishing certain elements that should be taken into account when authorising their use.,compress,TA-9-2023-0236_EN.pdf
78,What's the main goal of Amendment 54 Proposal for a regulation Recital 27?,"The overall objective of the Regulation is to ensure that high-risk AI systems available in the Union or whose output is otherwise used in the Union do not pose unacceptable risks to important Union public interests, while minimizing any potential restriction to international trade.",compress,TA-9-2023-0236_EN.pdf
79,How does the proposed Regulation relate to GDPR?,"The proposed Regulation should be interpreted consistently with the GDPR, particularly in relation to the notion of biometric data.",compress,TA-9-2023-0236_EN.pdf
80,What are the AI deployment concerns?,"The concerns include reliability issues and major risks for abuse, particularly in contexts such as law enforcement, border management, workplace, and education institutions.",compress,TA-9-2023-0236_EN.pdf
81,What's the point of Recital 41a?,"The purpose of the Regulation is to establish a framework for the regulation of AI systems to ensure that they are safe, transparent, and respectful of users' rights and fundamental freedoms.",compress,TA-9-2023-0236_EN.pdf
82,"What's the meaning of ""market placement"" per Recital 12b?","According to Recital 12b, ""placing on the market"" means making available on the market, but it does not include transactions between micro enterprises for a free and open-source AI component.",compress,TA-9-2023-0236_EN.pdf
83,How does the proposed Regulation impact data privacy?,"The proposed Regulation shall not affect Regulations (EU) 2016/679 and (EU) 2018/1725 and Directives 2002/58/EC and (EU) 2016/680, without pre",compress,TA-9-2023-0236_EN.pdf
84,"What's the purpose of the restriction on certain AI systems, according to Recital 16?","The intention required for the prohibition on certain AI systems, according to Recital 16, is the intention to distort the behavior of a person and in a manner that causes or is likely to cause significant harm to that or another person or groups of persons, including harms that may be accumulated over time.",compress,TA-9-2023-0236_EN.pdf
85,What's the aim of Recital 26 d (new) in Amendment 53?,"The purpose of Amendment 53 is to prohibit the placing on the market, putting into service, or use of AI systems intended to detect the emotional state of individuals in certain contexts.",compress,TA-9-2023-0236_EN.pdf
86,Can AI systems be used for ads that categorize people or provide social scores?,"Lawful commercial practices, such as advertising, that are in compliance with Union law should not be regarded as violating the prohibition, as long as they do not amount to use of the AI system in human-machine relations that exposes natural persons to harm.",compress,TA-9-2023-0236_EN.pdf
87,"What's the extent of the Rule, per Recital 41a?","The Regulation applies to AI systems that are placed or otherwise put into service on the Union market, regardless of their origin.",compress,TA-9-2023-0236_EN.pdf
88,What's the proposed Regulation's take on AI systems?,"AI systems are defined as software systems that perform tasks that would normally require human intelligence, such as learning, problem-solving, decision-making, natural language understanding, and perception, recognition or interpretation.",compress,TA-9-2023-0236_EN.pdf
89,Does the proposed Regulation have any exceptions?,"Yes, there are some exceptions to the scope of the proposed Regulation. For example, it does not apply to AI systems used for research, testing, and development activities prior to being placed on the market or put into service, provided that these activities are conducted respecting fundamental rights and applicable Union law. It also does not apply to AI components provided under free and open-source licenses, except to the extent they are placed on the market or put into service by a provider as part of a high-risk AI system or of an AI system that falls under Title II or IV.",compress,TA-9-2023-0236_EN.pdf
90,What's the aim of Recital 7a's proposal?,The purpose of the proposal for a regulation Recital 7a is to define the notion of biometric identification as used in the Regulation.,compress,TA-9-2023-0236_EN.pdf
91,What's the aim of Recital 7b's proposal?,The purpose of the proposal for a regulation Recital 7b is to define the notion of biometric categorization as used in the Regulation.,compress,TA-9-2023-0236_EN.pdf
92,What AI systems pose a high risk?,"AI systems used to evaluate credit score or creditworthiness, determine access to financial resources or essential services, detect fraud in offering financial services, dispatch or establish priority in emergency first response services, and make decisions in law enforcement should be classified as high-risk.",compress,TA-9-2023-0236_EN.pdf
93,What's the aim of the AI Regulation?,"The purpose of the proposed Regulation is to improve the functioning of the internal market by laying down a uniform legal framework for the development, marketing, and use of artificial intelligence in conformity with Union values, while ensuring a high level of protection of health, safety, fundamental rights, democracy, and the rule of law, and the environment from harmful effects of artificial intelligence systems.",compress,TA-9-2023-0236_EN.pdf
94,What's the purpose of Protocol 22 regarding Denmark?,"Protocol No 22 sets out the rules for the processing of personal data by Denmark when carrying out activities falling within the scope of Chapter 4 or Chapter 5 of Title V of Part Three of the TFEU, and specifies that Denmark is not bound by the rules laid down in Article 5(1), point (d), (2) and (3) of the Regulation adopted on the basis of Article 16 of the TFEU.",compress,TA-9-2023-0236_EN.pdf
95,What's the Regulation's AI classification?,"The proposed Regulation mentions the following types of AI systems: machine-based AI systems, which run on machines and have varying levels of autonomy; and hybrid systems, which combine machine learning approaches with other techniques such as knowledge-based approaches, Bayesian estimation, or decision-trees.",compress,TA-9-2023-0236_EN.pdf
96,What's the aim of Recital 16a?,"Recital 16a of the proposed regulation aims to prohibit AI systems that categorize natural persons by assigning them to specific categories based on known or inferred sensitive or protected characteristics, as such systems violate human dignity and hold a great risk of discrimination.",compress,TA-9-2023-0236_EN.pdf
97,"What's the connection between scientific research and the proposed regulation, per Recital 16?","According to Recital 16,",compress,TA-9-2023-0236_EN.pdf
98,What's the Regulation's Recital 14 summary?,"The three types of rules introduced by the Regulation according to Recital 14 are prohibitions on certain artificial intelligence practices, requirements for high-risk AI systems, and obligations for the relevant operators.",compress,TA-9-2023-0236_EN.pdf
99,What's the aim of Recital 41a's Regulation?,"The goal of the Regulation is to ensure that AI systems are developed, deployed and used in a way that promotes human safety, fundamental rights, and the rule of law, while also fostering innovation and competition.",compress,TA-9-2023-0236_EN.pdf
100,What's the aim of Article 24 in the EU Charter?,"Article 24 of the EU Charter enshrines the rights of children and requires consideration of their vulnerabilities and provision of protection and care necessary for their well-being, particularly in the digital environment.",compress,TA-9-2023-0236_EN.pdf
101,What's the aim of the AI regulation?,"The purpose of the proposed regulation is to introduce a proportionate and effective set of binding rules for AI systems, tailored to the intensity and scope of the risks they can generate, in order to prohibit certain unacceptable AI practices, lay down requirements for high-risk AI systems and obligations for relevant operators, and lay down transparency obligations for certain AI systems.",compress,TA-9-2023-0236_EN.pdf
102,What's the aim of Recital 8's proposal?,The purpose of the proposal for a regulation Recital 8 is to define the notion of remote biometric identification system as used in the Regulation.,compress,TA-9-2023-0236_EN.pdf
103,What's the point of Recital 12b?,"The purpose of the Regulation is to foster the development and deployment of AI, especially by SMEs, start-ups, academic research, and individuals, by not applying the Regulation to free and open-source AI components, except when they are placed on the market or put into service by a provider as part of a high-risk AI system or an AI system that falls under Title II or IV of this Regulation.",compress,TA-9-2023-0236_EN.pdf
104,"What's the meaning of ""publicly accessible space"" in the Regulation?","Publicly accessible space refers to any physical place that is accessible to the public, irrespective of whether the place in question is privately or publicly owned.",compress,TA-9-2023-0236_EN.pdf
105,What's the deal with national supervisors and the new Regulation?,National supervisory authorities are responsible for enforcing the Regulation and ensuring that AI systems are used in compliance with it. They are also responsible for handling complaints and conducting investigations in relation to the use of AI systems.,compress,TA-9-2023-0236_EN.pdf
106,Can AI help with emergency call classification?,"Yes, AI systems can be used to evaluate and classify emergency calls, but they should be classified as high-risk since they make decisions in very critical situations for the life and health of persons and their property.",compress,TA-9-2023-0236_EN.pdf
107,What's the aim of Recital 17?,"Recital 17 of the proposed regulation aims to prohibit AI systems providing social scoring of natural persons for general purpose by public authorities or on their behalf, as such systems may lead to discriminatory outcomes and the exclusion of certain groups, violating the right to dignity and non-discrimination and the values of equality and justice.",compress,TA-9-2023-0236_EN.pdf
108,What's the problem with collecting bio data from social media or CCTV?,"The indiscriminate and untargeted scraping of biometric data from social media or CCTV footage can lead to gross violations of fundamental rights, including the right to privacy, and can add to the feeling of mass surveillance.",compress,TA-9-2023-0236_EN.pdf
109,"What's the meaning of ""public access"" in the Regulation?","In the context of the Regulation, ""publicly accessible"" means freely accessible for third parties, including law enforcement authorities, regardless of any potential capacity restrictions.",compress,TA-9-2023-0236_EN.pdf
110,What's the Regulation's take on Recital 14?,"According to Recital 14, the Regulation follows a risk-based approach that tailors the type and content of binding rules for AI systems to the intensity and scope of the risks that AI systems can generate.",compress,TA-9-2023-0236_EN.pdf
111,What constitutes acceptable AI research?,"Prohibited AI practices are those that result in manipulative or exploitative AI-enabled practices that expose natural persons to harm, while legitimate research practices are those that are carried out in accordance with recognized ethical standards for scientific research and on the basis of specific informed consent of the individuals that are exposed to them, or where applicable, of their legal guardian.",compress,TA-9-2023-0236_EN.pdf
112,"What are the specific harmful practices that Recital 15 of the proposed regulation aims to prohibit in relation to AI systems, and how do these practices contradict Union values and fundamental rights?","Recital 15 of the proposed regulation aims to prohibit AI practices that deploy subliminal components, exploit vulnerabilities, and materially distort human behavior in a manner that causes or is likely to cause physical or psychological harms, contradicting Union values of respect for human dignity, freedom, equality, democracy, and the rule of law, as well as fundamental rights including the right to non-discrimination, data protection, privacy, and the rights of the child. These practices include neuro-technologies assisted by AI systems that monitor, use, or influence neural data gathered through brain-computer interfaces, and AI systems that intentionally distort human behavior for exploitative or manipulative purposes, which may result in significant harm to individuals or groups.",multi-hop reasoning,TA-9-2023-0236_EN.pdf
113,"What specific measures has the Commission been empowered to take under Article 73 to prevent potential abuse of exemptions in the proposed Regulation, and how does it ensure coordination in the governance of research and development under Article 56?","The Commission has been empowered to adopt delegated acts in accordance with Article 73 to clarify the application of the Regulation, specifically to specify exemptions to prevent their existing and potential abuse. Additionally, the Commission is responsible for providing guidance on the governance of research and development pursuant to Article 56, aiming to coordinate its application by national supervisory authorities. To ensure coordination, the AI Office shall provide guidance on the governance of research and development, and the Commission may adopt delegated acts to clarify the application of the Regulation and prevent potential abuse of exemptions.",multi-hop reasoning,TA-9-2023-0236_EN.pdf
114,"What is the significance of the amendment 23 proposal in relation to the notion of biometric categorization as defined in the General Data Protection Regulation (GDPR) and the Law Enforcement Directive (LED), and how does it differ from the notion of biometric identification as defined in the same regulations?","The amendment 23 proposal aims to introduce a new definition of biometric categorization in the Regulation, which is different from the notion of biometric identification as defined in the General Data Protection Regulation (GDPR) and the Law Enforcement Directive (LED). Biometric identification refers to the automated recognition of physical, physiological, behavioural, and psychological human features for the purpose of establishing an individual's identity by comparing biometric data of that individual to stored biometric data of individuals in a database, while biometric categorization refers to assigning natural persons to specific categories or inferring their characteristics and attributes such as gender, sex, age, hair colour, eye colour, tattoos, ethnic or social origin, health, mental or physical ability, behavioural or personality traits, language, religion, or membership of a national minority or sexual or political orientation on the basis of their biometric or biometric-based data, or which can be inferred from such data. The amendment 23 proposal seeks to provide a clearer definition of biometric categorization and its limitations, and to ensure that the use of biometric data is done in a way that respects the rights and freedoms of individuals, particularly in the context of remote biometric identification systems.",multi-hop reasoning,TA-9-2023-0236_EN.pdf
115,"What is the significance of the distinction between 'real-time' and 'post' remote biometric identification systems, as per the amendment 24 proposal for a regulation, in the context of the General Data Protection Regulation and the Law Enforcement Directive?","The distinction between 'real-time' and 'post' remote biometric identification systems, as per the amendment 24 proposal for a regulation, is significant in the context of the General Data Protection Regulation and the Law Enforcement Directive because it highlights the different characteristics and manners in which these systems are used, as well as the different risks involved. 'Real-time' systems capture, compare, and identify biometric data instantaneously or near-instantaneously, whereas 'post' systems do not have a significant delay. This distinction is crucial in assessing the level of privacy and security risks associated with each type of system, and in determining the appropriate legal framework and safeguards that should be applied to ensure the protection of natural persons' personal data and rights.",multi-hop reasoning,TA-9-2023-0236_EN.pdf
116,"Considering the rules laid down in Article 5(1), point (d), of the Regulation adopted on the basis of Article 16 of the TFEU, and Protocol No 21 on the position of the United Kingdom and Ireland in respect of the area of freedom, security and justice, as annexed to the TEU and to the TFEU, and Protocol No 22 on the position of Denmark, annexed to the TEU and TFEU, what is the maximum extent to which Amendment 50 can prohibit AI systems used by law enforcement authorities or on their behalf in the European Union?","Amendment 50 can prohibit AI systems used by law enforcement authorities or on their behalf in the European Union to the extent that it does not violate the provisions of Article 5(1), point (d), of the Regulation adopted on the basis of Article 16 of the TFEU, which relates to the processing of personal data by the Member States when carrying out activities falling within the scope of Chapter 4 or Chapter 5 of Title V of Part Three of the TFEU. However, considering the exceptions for the United Kingdom and Ireland as per Protocol No 21, and for Denmark as per Protocol No 22, Amendment 50 may not be applicable to these countries. Therefore, the maximum extent of prohibition of AI systems by Amendment 50 in the European Union would be applicable to all Member States except the United Kingdom, Ireland, and Denmark.",multi-hop reasoning,TA-9-2023-0236_EN.pdf
117,"Considering the rules laid down in Article 5(1), point (d), of the Regulation adopted on the basis of Article 16 of the TFEU, and the Protocol No 21 on the position of the United Kingdom and Ireland in respect of the area of freedom, security and justice, as annexed to the TEU and to the TFEU, how does Amendment 49 and Amendment 50 relate to the processing of personal data by the Member States when carrying out activities falling within the scope of Chapter 4 or Chapter 5 of Title V of Part Three of the TFEU?","Amendment 49 and Amendment 50 do not apply to the United Kingdom and Ireland as they are not bound by the rules governing the forms of judicial cooperation in criminal matters or police cooperation which require compliance with the provisions laid down on the basis of Article 16 of the TFEU. However, Amendment 51, which proposes to prohibit the indiscriminate and untargeted scraping of biometric data from social media or CCTV footage to create or expand facial recognition databases, can still be applied to the United Kingdom and Ireland as it falls under the scope of Chapter 4 or Chapter 5 of Title V of Part Three of the TFEU.",multi-hop reasoning,TA-9-2023-0236_EN.pdf
118,"Considering the rules laid down in Article 5(1), point (d), of the Regulation adopted on the basis of Article 16 of the TFEU, and the exceptions provided for in Articles 2 and 2a of Protocol No 22 on the position of Denmark, annexed to the TEU and TFEU, how does Amendment 52 propose to address the concerns related to the use of AI systems for detecting emotions in certain contexts?","Amendment 52 proposes to prohibit the placing on the market, putting into service, or use of AI systems intended to be used in contexts related to law enforcement, border management, workplace and education institutions to detect the emotional state of individuals, as the use of such systems raises concerns about the scientific basis of AI systems aiming to detect emotions, physical or physiological features such as facial expressions, movements, pulse frequency or voice. The limited reliability, lack of specificity, and limited generalisability of such systems, as well as the potential for abuse in real-life situations, make them unsuitable for use in these contexts.",multi-hop reasoning,TA-9-2023-0236_EN.pdf
119,"What is the significance of the amendment 22 proposal for a regulation in relation to the General Data Protection Regulation and the Law Enforcement Directive, and how does it aim to address concerns regarding the use of biometric identification and categorization in various contexts, including law enforcement and remote identification systems?","The amendment 22 proposal for a regulation seeks to provide a clearer definition of biometric identification and categorization in the context of data protection and law enforcement. It aims to address concerns about the use of biometric data by defining biometric identification as the automated recognition of physical, physiological, behavioral, and psychological human features for the purpose of establishing an individual's identity. Additionally, it defines biometric categorization as assigning natural persons to specific categories or inferring their characteristics and attributes based on their biometric or biometric-based data. The proposal also distinguishes between 'real-time' and 'post' remote biometric identification systems, acknowledging the different risks involved in each. By providing clearer definitions and guidelines, the amendment aims to ensure that the use of biometric identification and categorization is done in a way that respects individuals' privacy and rights, while also allowing for effective law enforcement and public safety measures.",multi-hop reasoning,TA-9-2023-0236_EN.pdf
120,"Considering the rules laid down in Article 5(1), point (d), of the Regulation adopted on the basis of Article 16 of the TFEU, and the Protocol No 21 on the position of the United Kingdom and Ireland in respect of the area of freedom, security and justice, as annexed to the TEU and TFEU, and Protocol No 22 on the position of Denmark, annexed to the TEU and TFEU, how should AI systems used by law enforcement authorities or on their behalf to make predictions, profiles or risk assessments based on profiling of natural persons or data analysis based on personality traits and characteristics, including the person’s location, or past criminal behaviour of natural persons or groups of persons for the purpose of predicting the occurrence or reoccurrence of an actual or potential criminal offence(s) or other criminalised social behaviour or administrative offences, including fraud-prediction systems, be regulated?","Such AI systems should be prohibited because they hold a particular risk of discrimination against certain persons or groups of persons, as they violate human dignity as well as the key legal principle of presumption of innocence, and their use can lead to gross violations of fundamental rights, including the right to privacy, and also considering the limited reliability, lack of specificity, and limited generalisability of AI systems aiming to detect emotions, physical or physiological features such as facial expressions, movements, pulse frequency or voice, the placing on the market, putting into service, or use of AI systems intended to be used in contexts related to law enforcement, border management, workplace and education institutions should be prohibited.",multi-hop reasoning,TA-9-2023-0236_EN.pdf
121,"What is the significance of the distinction between 'real-time' and 'post' remote biometric identification systems in relation to the definition of remote biometric identification system as used in the Regulation, and how does it relate to the purpose of Amendment 25 Proposal for a regulation Recital 8a?","The distinction between 'real-time' and 'post' remote biometric identification systems is significant in relation to the definition of remote biometric identification system as used in the Regulation, as it highlights the different characteristics and manners in which they are used, as well as the different risks involved. The definition of remote biometric identification system should be defined functionally, as an AI system intended for the identification of natural persons at a distance through the comparison of a person’s biometric data with the biometric data contained in a reference database, and without prior knowledge whether the targeted person will be present and can be identified, irrespectively of the particular technology, processes or types of biometric data used, excluding verification systems which merely compare the biometric data of an individual to their previously provided biometric data (one-to-one). The purpose of Amendment 25 Proposal for a regulation Recital 8a is to clarify that the notion of biometric identification is independent from the individual’s consent, and that the definition of remote biometric identification system applies even when warning notices are placed in the location that is under surveillance of the remote biometric identification system, and this distinction is crucial in understanding the scope and applicability of the Regulation on the use of remote biometric identification systems.",multi-hop reasoning,TA-9-2023-0236_EN.pdf
122,"How does the use of machine learning approaches in AI systems impact accountability and explainability, and what is the significance of this impact in relation to the purpose of Recital 6a of the proposed Regulation?","The use of machine learning approaches in AI systems can lead to a lack of transparency and interpretability in the decision-making process, making it difficult to understand the reasoning behind the system's outputs. This lack of accountability and explainability can result in legal gaps and risks, which is a concern addressed by Recital 6a of the proposed Regulation. Recital 6a emphasizes the importance of addressing these risks by establishing a framework for the ethical development and deployment of AI systems, particularly those with machine learning capacities that can evolve after deployment. The purpose of Recital 6a is to ensure that AI systems are designed and used in a way that is transparent, accountable, and respects human values, and that their potential risks are mitigated.",multi-hop reasoning,TA-9-2023-0236_EN.pdf
123,"Considering Amendment 26 Proposal for a regulation Recital 9 Text proposed by the Commission, which clarifies the notion of publicly accessible space, and Amendment 27 Proposal for a regulation Recital 9a (new) Text proposed by the Commission, which emphasizes the importance of respecting general principles establishing a high-level framework that promotes ethical and trustworthy AI, how does AI literacy, as defined in Amendment 28 Proposal for a regulation Recital 9b (new) Text proposed by the Commission, relate to the deployment of AI systems in publicly accessible spaces, and what implications does this have for ensuring democratic control and promoting societal and environmental wellbeing?","To ensure democratic control and promote societal and environmental wellbeing, AI literacy, as defined in Amendment 28 Proposal for a regulation Recital 9b (new) Text proposed by the Commission, should be understood as encompassing not only the skills, knowledge, and understanding required for an informed deployment of AI systems but also the awareness of the ethical and trustworthy AI principles outlined in Amendment 27 Proposal for a regulation Recital 9a (new) Text proposed by the Commission. This means that providers, users, and affected persons should be equipped with the notions and skills required to ensure compliance with and enforcement of the Regulation, including the ability to identify and mitigate potential risks and harms associated with AI systems in publicly accessible spaces, such as privacy concerns, biases, and discrimination. Moreover, AI literacy should also involve an understanding of the impact of AI systems on societal and environmental wellbeing, including the potential consequences of AI-driven decision-making processes and the role of AI in promoting sustainable development. In this sense, AI literacy can contribute to promoting democratic control and trustworthy AI in publicly accessible spaces, as it empowers providers, users, and affected persons to make informed decisions and hold AI systems accountable for their actions.",multi-hop reasoning,TA-9-2023-0236_EN.pdf
124,"Considering the given context, can you determine the meaning of 'publicly accessible space' as used in Amendment 26 Proposal for a regulation Recital 9, and how does it relate to the values on which the European Union is founded, according to Recital 9a?","The concept of 'publicly accessible space' in Amendment 26 Proposal for a regulation Recital 9 refers to any physical place that is accessible to the public, regardless of whether it is privately or publicly owned, and regardless of potential capacity restrictions. This means that public spaces such as streets, relevant parts of government buildings, and most transport infrastructure, as well as spaces like cinemas, theatres, shops, and shopping centers, are normally publicly accessible. However, places that are private in nature and not freely accessible for third parties, such as homes, private clubs, offices, warehouses, and factories, are not considered publicly accessible. Online spaces are also not included. The notion of publicly accessible space is related to the values on which the European Union is founded, according to Recital 9a, as it promotes the protection of fundamental rights, human agency and oversight, technical robustness and safety, privacy and data governance, transparency, non-discrimination and fairness, and societal and environmental wellbeing, by ensuring that AI systems make best efforts to respect these values in line with the Charter of Fundamental Rights of the European Union.",multi-hop reasoning,TA-9-2023-0236_EN.pdf
125,"What is the significance of the distinction between 'real-time' and 'post' remote biometric identification systems in relation to the use of AI systems for remote biometric identification, and how does Amendment 26 Proposal for a regulation Recital 9 relate to this distinction?","The distinction between 'real-time' and 'post' remote biometric identification systems is significant because it impacts the manner in which the AI systems are used and the level of risk involved. 'Real-time' systems involve the capturing, comparison, and identification of biometric data in real-time, without significant delay, and are typically used in situations where immediate identification is necessary, such as in law enforcement or security. 'Post' systems, on the other hand, involve the comparison and identification of biometric data after a significant delay, and are typically used in situations where the identification of individuals is not time-sensitive, such as in forensic investigations. Amendment 26 Proposal for a regulation Recital 9 clarifies that the notion of publicly accessible space should be understood as referring to any physical place that is accessible to the public, regardless of whether it is privately or publicly owned. This clarification is relevant to the use of AI systems for remote biometric identification, as it ensures that the use of such systems in publicly accessible spaces is subject to the rules and regulations outlined in the proposal, regardless of whether the space is privately or publicly owned.",multi-hop reasoning,TA-9-2023-0236_EN.pdf
126,"How does the definition of biometric data in various EU regulations relate to the notion of biometric data used in the proposed Regulation, and what implications does this have for the regulation of AI systems that rely on biometric data?","The notion of biometric data used in the proposed Regulation is consistent with and should be interpreted in line with the definition of biometric data in Article 4(14) of Regulation (EU) 2016/679, Article 3(18) of Regulation (EU) 2018/1725, and Article 3(13) of Directive (EU) 2016/680. This means that biometrics-based data, such as facial expressions, movements, pulse frequency, voice, key strikes, or gait, that may or may not allow the unique identification of a natural person, are included in the definition of biometric data. This has implications for the regulation of AI systems that rely on biometric data, as they may be considered as a single AI system under the Regulation if the AI component in question is essential to its functioning, and thus subject to the requirements of the Regulation, including accountability, explainability, and transparency.",multi-hop reasoning,TA-9-2023-0236_EN.pdf
127,"What are the implications of Amendment 33, Amendment 34, and Amendment 35 on the development and deployment of AI systems in the European Union, and how do these amendments relate to the standards established by Recital 13?","{'implications': [{'amendment': 'Amendment 33', 'implication': 'The collaborative development of free and open-source AI components and making them available on open repositories will not be considered as placing on the market or putting into service, and therefore, will not be subject to the requirements of the Regulation.'}, {'amendment': 'Amendment 34', 'implication': 'The developers of free and open-source AI components will not be mandated to comply with requirements targeting the AI value chain, but they should be encouraged to implement widely adopted documentation practices, such as model and data cards, to accelerate information sharing along the AI value chain.'}, {'amendment': 'Amendment 35', 'implication': 'Common normative standards for all high-risk AI systems should be established, consistent with the Charter of fundamental rights of the European Union, the European Green Deal, the Joint Declaration on Digital Rights of the Union, and the Ethics Guidelines for Trustworthy Artificial Intelligence (AI) of the High-Level Expert Group on Artificial Intelligence, and should be non-discriminatory and in line with the Union’s international trade commitments.'}], 'relation_to_recital_13': 'The amendments are related to the standards established by Recital 13 in that they provide further clarification and specifications on the development and deployment of AI systems in the European Union, and ensure that the standards are consistent with the Charter of fundamental rights of the European Union, the European Green Deal, the Joint Declaration on Digital Rights of the Union, and the Ethics Guidelines for Trustworthy Artificial Intelligence (AI) of the High-Level Expert Group on Artificial Intelligence.'}",multi-hop reasoning,TA-9-2023-0236_EN.pdf
128,"How does the proposed Regulation address the issue of accountability and explainability in AI systems that have varying levels of autonomy and operate based on abstract mathematical relationships that are difficult for humans to understand, monitor and trace back to specific inputs?","The proposed Regulation addresses the issue of accountability and explainability in AI systems through Recital 7, which clarifies that the notion of biometric data used in the Regulation is in line with and should be interpreted consistently with the notion of biometric data as defined in the GDPR and other relevant EU legislation. Additionally, the Regulation proposes amendments such as Recital 6a and 6b, which aim to address new potential risks that may arise by delegating control to AI systems, in particular to those AI systems that can evolve after deployment, and clarify the scope of the Regulation in relation to AI systems that can be used as stand-alone software systems, integrated into a physical product, or used as an AI component of a larger system. The Regulation also proposes amendments to ensure that the function and outputs of many of these AI systems are transparent, traceable, and understandable to humans, thus addressing the issue of explainability.",multi-hop reasoning,TA-9-2023-0236_EN.pdf
129,"How does the concept of publicly accessible space, as defined in Amendment 26 Proposal for a regulation Recital 9, relate to the role of AI literacy in promoting democratic control of AI, as described in Amendment 28 Proposal for a regulation Recital 9b, in the context of ensuring ethical and trustworthy AI systems that respect fundamental rights and promote societal wellbeing, as outlined in Amendment 27 Proposal for a regulation Recital 9a?","The concept of publicly accessible space, as defined in Amendment 26 Proposal for a regulation Recital 9, is relevant to the role of AI literacy in promoting democratic control of AI, as described in Amendment 28 Proposal for a regulation Recital 9b, in the context of ensuring ethical and trustworthy AI systems that respect fundamental rights and promote societal wellbeing, as outlined in Amendment 27 Proposal for a regulation Recital 9a. This is because AI literacy, as described in Amendment 28 Proposal for a regulation Recital 9b, aims to equip providers, users, and affected persons with the skills, knowledge, and understanding necessary to make informed decisions about the deployment of AI systems. This includes understanding the potential risks and opportunities associated with AI systems, as well as the importance of ensuring that AI systems are designed and deployed in a way that respects fundamental rights and promotes societal wellbeing. In order to achieve this, it is important to consider the concept of publicly accessible space, as defined in Amendment 26 Proposal for a regulation Recital 9, as it relates to the deployment and use of AI systems in public spaces. By ensuring that AI systems are designed and deployed in a way that is transparent, accountable, and respects the rights of all individuals, including those who may be impacted by their use in public spaces, AI literacy can help promote democratic control of AI and ensure that AI systems are used in a way that benefits society as a whole.",multi-hop reasoning,TA-9-2023-0236_EN.pdf
130,"Considering the functional definition of remote biometric identification systems and the distinction between 'real-time' and 'post' systems, how do the notions of biometric identification and biometric categorization, as defined in the context of EU regulations, relate to the use of AI in remote biometric identification systems, and what are the implications for the protection of natural persons with regard to the processing of personal data?","The notions of biometric identification and biometric categorization, as defined in the context of EU regulations, are relevant to the use of AI in remote biometric identification systems. Biometric identification refers to the automated recognition of physical, physiological, behavioural, and psychological human features for the purpose of establishing an individual's identity by comparing biometric data of that individual to stored biometric data of individuals in a database. Biometric categorization, on the other hand, refers to assigning natural persons to specific categories or inferring their characteristics and attributes based on their biometric or biometric-based data. The use of AI in remote biometric identification systems raises concerns about the protection of natural persons with regard to the processing of personal data, as it involves the processing of sensitive data and the potential for errors, discrimination, and surveillance. Therefore, it is important to ensure that the use of AI in remote biometric identification systems complies with the principles of data protection and respects the rights of natural persons, as established in the General Data Protection Regulation (GDPR) and other relevant EU regulations.",multi-hop reasoning,TA-9-2023-0236_EN.pdf
131,"Considering the amendments proposed by the Commission, can you determine the extent to which the Regulation applies to AI systems used by public authorities or international organizations in third countries, and how this relates to international agreements and adequacy decisions?","The Regulation applies to AI systems used by public authorities or international organizations in third countries only when they are used in the framework of international agreements for law enforcement and judicial cooperation with the Union or with one or more Member States, and not when they are subject to adequacy decisions or international agreements concluded between the Union and that third country or international organization providing adequate safeguards with respect to the protection of privacy and fundamental rights and freedoms of individuals. Additionally, the Regulation does not apply to research, testing, and development activities regarding an AI system prior to it being placed on the market or put into service, provided that these activities are conducted respecting fundamental rights and applicable Union law, and the testing in real-world conditions is not covered by this exemption.",multi-hop reasoning,TA-9-2023-0236_EN.pdf
132,"How does the proposed Regulation aim to address the risks associated with AI systems that can evolve after deployment, and what are the potential legal gaps that need to be addressed in hybrid systems that combine machine learning approaches with other techniques?","The proposed Regulation aims to address the risks associated with AI systems that can evolve after deployment by introducing the notion of a 'stand-alone software system' and an 'AI component of a larger system.' If a larger system would not function without the AI component in question, then the entire larger system should be considered as one single AI system under this Regulation. Additionally, the Regulation aims to address potential legal gaps in hybrid systems that combine machine learning approaches with other techniques, such as knowledge-based approaches, Bayesian estimation, or decision-trees, by emphasizing the importance of transparency, explainability, and accountability in AI systems. The Regulation also references the notion of biometric data, which is defined consistently with the notion of biometric data in other EU regulations, and clarifies that biometrics-based data are additional data resulting from specific technical processing relating to physical, physiological or behavioural signals of a natural person.",multi-hop reasoning,TA-9-2023-0236_EN.pdf
133,"What are the differences between 'real-time' and 'post' remote biometric identification systems as defined in the context of the General Data Protection Regulation (GDPR) and the Law Enforcement Directive (LED)? How do these systems compare and contrast in terms of their characteristics, manners of use, and associated risks?","According to the GDPR and LED, 'real-time' remote biometric identification systems capture, compare, and identify biometric data instantaneously or near-instantaneously, without significant delay. In contrast, 'post' remote biometric identification systems process biometric data after a delay, allowing for more extensive processing and analysis. These systems differ in their characteristics, such as the speed of identification, the level of human intervention required, and the potential for errors or bias in the identification process. The risks associated with each system also vary, including the potential for privacy violations, discrimination, and misuse of personal data.",multi-hop reasoning,TA-9-2023-0236_EN.pdf
134,"Considering the concept of AI literacy and the ethical and trustworthy AI framework, how does the notion of publicly accessible space relate to the deployment and use of AI systems in various contexts?","The concept of publicly accessible space is crucial in ensuring that AI systems are deployed and used in a way that respects fundamental rights and promotes a human-centric approach to ethical and trustworthy AI. AI literacy is essential for providers, users, and affected persons to make informed decisions about the deployment of AI systems, including understanding the opportunities and risks associated with their use. In publicly accessible spaces, AI systems must be designed and deployed in a way that respects privacy, data governance, transparency, non-discrimination, and fairness. Additionally, the notion of publicly accessible space should be considered when determining the scope of AI literacy, as it may vary depending on the context and the specific rights and obligations of the individuals involved. Therefore, a thorough understanding of publicly accessible space is necessary to ensure that AI systems are used in a way that promotes societal and environmental well-being and is subject to democratic control.",multi-hop reasoning,TA-9-2023-0236_EN.pdf
135,"What specific provisions does the proposed Regulation include to ensure the protection of personal data and privacy in the use of AI systems, and how does it relate to other Union legal acts related to consumer protection and product safety?","The proposed Regulation includes several provisions to ensure the protection of personal data and privacy in the use of AI systems. Article 2(5)(a) states that Union law on the protection of personal data, privacy, and the confidentiality of communications applies to personal data processed in connection with the rights and obligations laid down in this Regulation. Additionally, Article 2(5)(b) states that this Regulation is without prejudice to the rules laid down by other Union legal acts related to consumer protection and product safety. Article 2(5)(c) also allows Member States or the Union to maintain or introduce laws, regulations, or administrative provisions that are more favourable to workers in terms of protecting their rights in respect of the use of AI systems by employers. Finally, Article 2(5)(d) exempts research, testing, and development activities regarding an AI system prior to it being placed on the market or put into service, provided that these activities are conducted respecting fundamental rights and applicable Union law. The Commission is empowered to adopt delegated acts to clarify the application of this paragraph and prevent its existing and potential abuse. The AI Office shall provide guidance on the governance of research and development pursuant to Article 56, aiming to coordinate its application by the national supervisory authorities.",multi-hop reasoning,TA-9-2023-0236_EN.pdf
136,"What is the significance of Recital 9a in relation to Amendment 28 Proposal for a regulation, and how does it align with the purpose of Amendment 27 Proposal for a regulation?","Recital 9a emphasizes the importance of AI systems making best efforts to respect general principles establishing a high-level framework that promotes a coherent human-centric approach to ethical and trustworthy AI, in line with the Charter of Fundamental Rights of the European Union and the values on which the Union is founded. This aligns with the purpose of Amendment 27 Proposal for a regulation, which aims to promote a coherent human-centric approach to ethical and trustworthy AI. Additionally, Recital 9a highlights the importance of protecting fundamental rights, human agency and oversight, technical robustness and safety, privacy and data governance, transparency, non-discrimination and fairness, and societal and environmental wellbeing, which are all essential aspects of ethical and trustworthy AI. By emphasizing the significance of these principles, Recital 9a supports the purpose of Amendment 27 Proposal for a regulation by ensuring that AI systems are developed and deployed in a way that respects human rights and promotes societal wellbeing.",multi-hop reasoning,TA-9-2023-0236_EN.pdf
137,"What is the relationship between the General Data Protection Regulation, the Law Enforcement Directive, and remote biometric identification systems, and how do they impact the processing of personal data for criminal investigations?","The General Data Protection Regulation (GDPR) and the Law Enforcement Directive (LED) are both regulations that govern the processing of personal data in the European Union. The GDPR sets out the general principles and rules for the protection of natural persons with regard to the processing of personal data, while the LED specifically regulates the processing of personal data by competent authorities for the purposes of the prevention, investigation, detection or prosecution of criminal offences or the execution of criminal penalties. Remote biometric identification systems, which use biometric data to identify individuals at a distance, are subject to the provisions of both regulations. The use of remote biometric identification systems for criminal investigations must comply with the requirements of the GDPR, including the need for a legal basis for the processing of personal data, the protection of sensitive data, and the rights of data subjects. The LED provides additional guidance on the processing of personal data for law enforcement purposes, including the requirement that the processing be necessary and proportionate for the prevention or investigation of a specific criminal offence. The intersection of these regulations highlights the tension between the need to protect individual privacy and the need to use technology to enhance public safety and security.",multi-hop reasoning,TA-9-2023-0236_EN.pdf
138,"How does the prohibition on AI systems that categorize natural persons by assigning them to specific categories based on known or inferred sensitive or protected characteristics, as proposed in Amendment 39, relate to the concern of social scoring and its potential violation of the right to dignity and non-discrimination?","The prohibition on AI systems that categorize natural persons by assigning them to specific categories based on known or inferred sensitive or protected characteristics, as proposed in Amendment 39, is related to the concern of social scoring and its potential violation of the right to dignity and non-discrimination. Social scoring systems, as described in Amendment 40, evaluate or classify the trustworthiness of natural persons based on their social behavior in multiple contexts or known or predicted personal or personality characteristics. These systems may lead to discriminatory outcomes and the exclusion of certain groups, violating the right to dignity and non-discrimination and the values of equality and justice. The prohibition on AI systems that categorize natural persons by assigning them to specific categories based on known or inferred sensitive or protected characteristics would prevent the use of such systems for social scoring purposes, as they would be considered a violation of human dignity and non-discrimination. Therefore, the prohibition proposed in Amendment 39 would address the concern of social scoring and its potential violation of the right to dignity and non-discrimination.",multi-hop reasoning,TA-9-2023-0236_EN.pdf
139,What are the differences between 'real-time' and 'post' remote biometric identification systems as defined by the General Data Protection Regulation (GDPR) and how do they relate to the concept of biometric categorization?,"The General Data Protection Regulation (GDPR) defines 'real-time' remote biometric identification systems as those that capture, compare, and identify biometric data instantaneously or near-instantaneously, without significant delay. On the other hand, 'post' remote biometric identification systems are those that compare biometric data captured at a later time to a reference database. Biometric categorization, as defined by the GDPR, is the process of assigning natural persons to specific categories or inferring their characteristics and attributes based on their biometric or biometric-based data. Biometric categorization can be facilitated by both 'real-time' and 'post' remote biometric identification systems, as both systems can be used to identify and categorize individuals based on their biometric data. However, 'real-time' systems may be more commonly used in applications where immediate identification is necessary, such as border control or law enforcement, while 'post' systems may be used in applications where a delayed identification is acceptable, such as in forensic investigations.",multi-hop reasoning,TA-9-2023-0236_EN.pdf
140,"How does the Regulation ensure a consistent and high level of protection of public interests as regards health, safety, and fundamental rights, as well as democracy and rule of law and the environment, in the development and deployment of AI systems, especially by SMEs, start-ups, and academic research, while also fostering the collaborative development of free and open-source AI components and promoting trustworthy AI systems in the Union?","The Regulation ensures a consistent and high level of protection of public interests by establishing common normative standards for all high-risk AI systems, tailoring the type and content of binding rules to the intensity and scope of the risks that AI systems can generate, prohibiting certain AI practices, laying down requirements for high-risk AI systems and obligations for relevant operators, and laying down transparency obligations for certain AI systems. Additionally, the Regulation encourages developers of free and open-source AI components to implement widely adopted documentation practices, such as model and data cards, to accelerate information sharing along the AI value chain, allowing the promotion of trustworthy AI systems in the Union.",multi-hop reasoning,TA-9-2023-0236_EN.pdf
141,"What are the implications of the EU's proposed AI regulation on the accessibility of online spaces, and how does it relate to the concept of 'AI literacy'?","The EU's proposed AI regulation, specifically Recital 9, defines publicly accessible spaces as physical places that are accessible to the public, excluding private spaces such as homes, private clubs, offices, warehouses, and factories. Online spaces are not considered publicly accessible because they are not physical spaces. However, the regulation emphasizes the importance of 'AI literacy,' which refers to the skills, knowledge, and understanding required to make informed decisions about AI deployment and ensure compliance with the regulation. This means that providers and users must have a certain level of AI literacy to ensure that online spaces are used in a way that respects fundamental rights and promotes ethical and trustworthy AI. Therefore, while online spaces may not be considered publicly accessible, the regulation acknowledges the importance of AI literacy in promoting responsible use of AI in online spaces.",multi-hop reasoning,TA-9-2023-0236_EN.pdf
142,"Considering Amendment 26 Proposal for a regulation Recital 9 Text proposed by the Commission and Amendment 27 Proposal for a regulation Recital 9a (new) Text proposed by the Commission, how does AI literacy, as defined in Amendment 28 Proposal for a regulation Recital 9b (new) Text proposed by the Commission, relate to the notion of publicly accessible space as defined in Amendment 26 Proposal for a regulation Recital 9 Text proposed by the Commission?","AI literacy, as defined in Amendment 28 Proposal for a regulation Recital 9b (new) Text proposed by the Commission, relates to the notion of publicly accessible space as defined in Amendment 26 Proposal for a regulation Recital 9 Text proposed by the Commission, in the sense that AI literacy is crucial for ensuring that AI systems are deployed in a way that respects the fundamental rights and values on which the Union is founded, including the protection of fundamental rights, human agency and oversight, technical robustness and safety, privacy and data governance, transparency, non-discrimination and fairness, and societal and environmental wellbeing, which are also essential for ensuring that publicly accessible spaces, as defined in Amendment 26 Proposal for a regulation Recital 9 Text proposed by the Commission, are safe, inclusive, and accessible for all members of society.",multi-hop reasoning,TA-9-2023-0236_EN.pdf
143,What are the differences between 'real-time' and 'post' remote biometric identification systems as defined by the General Data Protection Regulation (GDPR) and how do they relate to the notions of biometric identification and biometric categorization?,"The General Data Protection Regulation (GDPR) defines 'real-time' remote biometric identification systems as those that capture biometric data, compare it to a reference database, and identify an individual instantaneously or near-instantaneously, without significant delay. On the other hand, 'post' remote biometric identification systems are those that capture biometric data and compare it to a reference database, but do not provide immediate identification. Instead, the identification occurs after a significant delay, and the system may use additional data processing techniques to enhance the accuracy of the identification. Both 'real-time' and 'post' remote biometric identification systems can be used for biometric identification, which is the automated recognition of physical, physiological, behavioural, and psychological human features for the purpose of establishing an individual’s identity. However, 'post' remote biometric identification systems may be more appropriate for certain applications where immediate identification is not necessary, such as in forensic investigations. Biometric categorization, on the other hand, is the assignment of natural persons to specific categories or inference of their characteristics and attributes based on their biometric or biometric-based data. Biometric categorization can be used in conjunction with biometric identification, but it raises additional ethical and legal concerns related to privacy, discrimination, and surveillance.",multi-hop reasoning,TA-9-2023-0236_EN.pdf