,question,answer,tokens_present,document
0,What is the purpose of the Inherent Risk Assessment (IRA) Guide?,The purpose of the IRA Guide is to describe the process used by Compliance Enforcement Authorities (CEAs) to assess the inherent risk of registered entities and to serve as a common approach for NERC and the eight Regional Entities for implementing and performing an IRA.,"['IRA', 'Guide', 'process', 'assess', 'risk', 'entities']",Inherent_Risk_Assessment.pdf
1,What is the definition of inherent risk in the context of the IRA Guide?,Inherent risk refers to the potential risks posed by an individual registered entity to the reliability of the bulk power system (BPS).,"['inherent risk', 'bulk power system', 'BPS']",Inherent_Risk_Assessment.pdf
2,What are the major inputs into the IRA process?,The major inputs into the IRA process are risk element inputs and understanding the registered entity.,"['risk', 'element', 'inputs', 'registered', 'entity']",Inherent_Risk_Assessment.pdf
3,What are risk element inputs?,"Risk element inputs refer to the outputs from the risk elements, which are assets, systems, geography, interconnectivity, prior compliance history, and overall unique entity composition.","['assets', 'systems', 'geography', 'interconnectivity', 'prior compliance history', 'overall unique entity composition']",Inherent_Risk_Assessment.pdf
4,What is the role of the IRA in the Risk-Based Compliance Oversight Framework?,The IRA is a key input into development of each compliance oversight plan for a registered entity within the Risk-Based Compliance Oversight Framework.,"['IRA', 'compliance', 'oversight', 'framework']",Inherent_Risk_Assessment.pdf
5,How often is the IRA performed?,"The IRA is performed on a periodic basis, with the frequency based on a variety of factors including, but not limited to, changes to a registered entity, significant changes to reliability risks, or emergence of new reliability risks.","['periodic', 'basis', 'frequency']",Inherent_Risk_Assessment.pdf
6,What is the purpose of the IRA results documentation?,"The purpose of the IRA results documentation is to provide a record of the IRA process, including the methodology used, the data collected, and the results of the assessment.","['IRA', 'process', 'methodology', 'data', 'results', 'assessment']",Inherent_Risk_Assessment.pdf
7,How are IRA results shared with the registered entity?,IRA results are shared with the registered entity through a report that summarizes the findings and recommendations of the assessment.,"['IRA', 'results', 'shared', 'report', 'findings', 'recommendations', 'assessment']",Inherent_Risk_Assessment.pdf
8,What is the relationship between the IRA and the Internal Controls Evaluation (ICE)?,"The IRA results are a key input source to the ICE, if used, and in determining an overall compliance oversight plan for a registered entity.","['IRA', 'ICE']",Inherent_Risk_Assessment.pdf
9,What is the significance of the IRA in the compliance oversight process?,The IRA is a critical component of the compliance oversight process as it helps CEAs identify areas of focus and the level of effort needed to monitor compliance with enforceable NERC Reliability Standards.,"['IRA', 'compliance', 'oversight', 'NERC', 'Reliability', 'Standards']",Inherent_Risk_Assessment.pdf
10,What is the purpose of the IRA according to the text?,The purpose of the IRA is to assess the inherent risks to the reliability of the BPS and to identify areas of focus for compliance oversight.,"['IRA', 'risks', 'reliability', 'BPS', 'compliance', 'oversight']",Inherent_Risk_Assessment.pdf
11,What are the two major inputs into the IRA process?,The two major inputs into the IRA process are risk element inputs and understanding the registered entity.,"['risk', 'element', 'inputs', 'understanding', 'registered', 'entity']",Inherent_Risk_Assessment.pdf
12,What is the role of the ERO Enterprise in the IRA process?,The ERO Enterprise assesses risks to the reliability of the BPS and develops a Risk Elements Guide that describes the process for identifying risks and mapping associated registration functional categories and Reliability Standards.,"['ERO', 'Enterprise', 'risks', 'reliability', 'BPS', 'Risk', 'Elements', 'Guide']",Inherent_Risk_Assessment.pdf
13,What is the purpose of the annual ERO CMEP Implementation Plan?,"The annual ERO CMEP Implementation Plan identifies specific ERO Enterprise risks to the reliability of the BPS, associated Reliability Standards and Requirements, and regional risk considerations.","['ERO', 'BPS', 'Reliability', 'Standards', 'Requirements']",Inherent_Risk_Assessment.pdf
14,What is the importance of understanding the registered entity in the IRA process?,"Understanding the registered entity is an essential aspect of the IRA process, and the CEA should conduct activities to gain an understanding of the registered entity and its operations.","['understanding', 'registered', 'entity', 'IRA', 'process', 'CEA']",Inherent_Risk_Assessment.pdf
15,What are some activities that the CEA should conduct to gain an understanding of the registered entity?,"Some activities that the CEA should conduct to gain an understanding of the registered entity include gathering and maintaining registered entity specific information and data, proactively identifying risk trends and prevalent practices, and establishing qualitative and quantitative risk factors.","['gathering', 'maintaining', 'proactively', 'identifying', 'establishing']",Inherent_Risk_Assessment.pdf
16,What is the purpose of the IRA output?,The IRA output should be used as a key input when developing the compliance oversight plan for a registered entity.,"['compliance', 'oversight', 'plan', 'registered', 'entity']",Inherent_Risk_Assessment.pdf
17,What is the role of professional judgment in the IRA process?,Professional judgment should be applied during the IRA process and documented to support the conclusions reached.,"['professional judgment', 'IRA process', 'conclusions']",Inherent_Risk_Assessment.pdf
18,What is the purpose of the Information Gathering phase in the IRA process?,"The purpose of the Information Gathering phase is to identify, collect, and analyze information about a particular registered entity.","['identify', 'collect', 'analyze', 'registered', 'entity']",Inherent_Risk_Assessment.pdf
19,What is the outcome of the Information Gathering phase?,The outcome of the Information Gathering phase is to provide a reasonable basis for a conclusion regarding the registered entity's inherent risks and areas of focus for compliance oversight.,"['reasonable', 'basis', 'conclusion', 'inherent', 'risks', 'areas', 'focus', 'compliance', 'oversight']",Inherent_Risk_Assessment.pdf
20,What is the purpose of the IRA process?,The purpose of the IRA process is to assess the inherent risk of a registered entity's operations and identify potential reliability risks to the Bulk Power System (BPS).,"[""The purpose of the IRA process is to assess the inherent risk of a registered entity's operations and identify potential reliability risks to the Bulk Power System (BPS).""]",Inherent_Risk_Assessment.pdf
21,What are the three key inputs for the Information Gathering phase of the IRA process?,"The three key inputs for the Information Gathering phase are: (1) prioritized list of known risks to the reliability of the BPS and associated Reliability Standards and Requirements, (2) understanding of the registered entity and its operations, and (3) information attributes lists and their common sources.","['prioritized', 'list', 'known', 'risks', 'reliability', 'BPS', 'associated', 'Reliability', 'Standards', 'Requirements', 'understanding', 'registered', 'entity', 'operations', 'information', 'attributes', 'lists', 'common', 'sources']",Inherent_Risk_Assessment.pdf
22,What is the first step in gathering information pertaining to potential BPS reliability risks?,The first step in gathering information pertaining to potential BPS reliability risks is to review the outputs from the Risk Elements Guide and annual CMEP Implementation Plan for applicability to the entity.,"['review', 'Risk', 'Elements', 'Guide', 'annual', 'CMEP', 'Implementation', 'Plan', 'applicability', 'entity']",Inherent_Risk_Assessment.pdf
23,What is the purpose of the information attributes list in Appendix B?,"The purpose of the information attributes list in Appendix B is to provide a resource for CEAs to consider during the IRA process, containing possible information for CEAs to consider when gathering information.","['The purpose of', 'information attributes list', 'Appendix B', 'is to provide', 'resource for', 'CEAs to consider', 'IRA process', 'containing possible', 'information for', 'CEAs to consider', 'when gathering']",Inherent_Risk_Assessment.pdf
24,How should CEAs develop targeted information requests?,CEAs should develop targeted information requests by using the information attributes list in Appendix B as a resource and reconciling the information on hand with the information attributes list to identify potential information gaps and data verification needs.,"['CEAs', 'information', 'attributes', 'list', 'Appendix', 'B', 'resource', 'reconciling', 'information', 'hand', 'information', 'attributes', 'list', 'identify', 'potential', 'information', 'gaps', 'data', 'verification', 'needs']",Inherent_Risk_Assessment.pdf
25,What is the purpose of the risk factors applied to the entity?,The purpose of the risk factors applied to the entity is to identify further information requests for decision making in Section 2.2.,"['identify', 'further', 'information', 'requests', 'decision', 'making', 'Section', '2.2']",Inherent_Risk_Assessment.pdf
26,What is the difference between appropriateness and sufficiency in the context of information collected during the IRA process?,"Appropriateness is a measure of the quality of information that encompasses its relevance, validity, and reliability, whereas sufficiency is a measure of the quantity of information that is necessary to draw conclusions.","['appropriateness', 'sufficiency', 'information', 'IRA', 'process']",Inherent_Risk_Assessment.pdf
27,What should CEAs consider when developing risk factors and risk factor criteria?,"CEAs should consider the context of a registered entity's size, location, or function when developing risk factors and risk factor criteria.","['size', 'location', 'function']",Inherent_Risk_Assessment.pdf
28,What is the role of the ERO in the IRA process?,"The ERO plays a role in the IRA process by providing guidance and support to CEAs in the information gathering phase, and by confirming that the information collected is both appropriate and sufficient.","['ERO', 'IRA', 'CEAs', 'information', 'gathering', 'phase', 'appropriate', 'sufficient']",Inherent_Risk_Assessment.pdf
29,What is the objective of the Information Gathering phase of the IRA process?,The objective of the Information Gathering phase of the IRA process is to gather information pertaining to the potential BPS reliability risks and the associated Reliability Standards and Requirements for the registered entity's functional registration(s).,"['gather', 'information', 'pertaining', 'potential', 'BPS', 'reliability', 'risks', 'associated', 'Reliability', 'Standards', 'Requirements', 'registered', ""entity's"", 'functional', 'registrations']",Inherent_Risk_Assessment.pdf
30,What is the purpose of the Information Gathering phase in the IRA process?,"The purpose of the Information Gathering phase is to collect and verify information that is necessary to perform an IRA, including information on risk elements, risk factors, and Reliability Standards and Requirements applicable to the registered entity.","['information', 'gathering', 'phase', 'IRA', 'risk', 'elements', 'factors', 'standards', 'requirements', 'registered', 'entity']",Inherent_Risk_Assessment.pdf
31,What are the key outputs of the Information Gathering phase?,"The key outputs of the Information Gathering phase include a prioritized list of known risks to the reliability of the BPS and associated Reliability Standards and Requirements, a preliminary list of risk factors applicable to the registered entity, and updated/verified registered entity data.","['prioritized', 'list', 'risks', 'reliability', 'BPS', 'Reliability', 'Standards', 'Requirements', 'preliminary', 'list', 'risk', 'factors', 'registered', 'entity', 'data']",Inherent_Risk_Assessment.pdf
32,What is the role of professional judgment in the IRA process?,Professional judgment is required in the IRA process to identify the most reliable sources of information and to determine the appropriateness and sufficiency of the information collected.,"['Professional', 'judgment', 'IRA', 'process', 'reliable', 'sources', 'information', 'collected']",Inherent_Risk_Assessment.pdf
33,What are some examples of risk factors that may be applicable to a registered entity?,"Examples of risk factors that may be applicable to a registered entity include those listed in Appendix C of the IRA Guide, such as weather, human error, and cybersecurity threats.","['weather', 'human error', 'cybersecurity threats']",Inherent_Risk_Assessment.pdf
34,How does the CEA determine which Reliability Standards and Requirements are applicable to a registered entity?,The CEA determines which Reliability Standards and Requirements are applicable to a registered entity by reviewing the registered entity's functional designation and using information gathered during the Information Gathering phase to exclude any non-applicable Reliability Standards and Requirements.,"['The', 'CEA', 'determines', 'which', 'Reliability', 'Standards', 'and', 'Requirements', 'are', 'applicable', 'to', 'a', 'registered', 'entity', 'by', 'reviewing', 'the', 'registered', ""entity's"", 'functional', 'designation', 'and', 'using', 'information', 'gathered', 'during', 'the', 'Information', 'Gathering', 'phase', 'to', 'exclude', 'any', 'non-applicable', 'Reliability', 'Standards', 'and', 'Requirements']",Inherent_Risk_Assessment.pdf
35,What is the purpose of the Assessment phase in the IRA process?,"The purpose of the Assessment phase is to assess and draw conclusions around risk elements, risk factors, and Reliability Standards and Requirements applicable to the registered entity.","['Assessment', 'risk', 'elements', 'risk factors', 'Reliability', 'Standards', 'Requirements', 'registered', 'entity']",Inherent_Risk_Assessment.pdf
36,What are the key inputs for the Assessment phase?,"The key inputs for the Assessment phase include the prioritized list of known risks to the reliability of the BPS and associated Reliability Standards and Requirements, the preliminary list of risk factors applicable to the registered entity, and updated/verified registered entity data.","['prioritized', 'risks', 'reliability', 'BPS', 'Reliability', 'Standards', 'Requirements', 'preliminary', 'risk', 'factors', 'registered', 'entity', 'data']",Inherent_Risk_Assessment.pdf
37,What is the purpose of the Risk Factor and Reliability Standards and Requirements Applicability Review?,The purpose of the Risk Factor and Reliability Standards and Requirements Applicability Review is to review information gathered to confirm the applicability of Reliability Standards and Requirements to the registered entity and to exclude any non-applicable Reliability Standards and Requirements.,"['Risk', 'Review', 'applicability', 'Reliability', 'Standards', 'Requirements']",Inherent_Risk_Assessment.pdf
38,How does the CEA document conclusions reached for Reliability Standards and Requirements excluded from further analysis?,The CEA documents conclusions reached for Reliability Standards and Requirements excluded from further analysis based on the Applicability Review in the IRA report.,"['The', 'CEA', 'IRA', 'report']",Inherent_Risk_Assessment.pdf
39,What are the key questions that the CEA should answer during the Information Gathering phase?,"The CEA should answer questions such as what risk elements and risk factors are applicable to the registered entity, what registered entity specific information is needed, and where to obtain information from.","['what', 'risk', 'elements', 'risk', 'factors', 'registered', 'entity', 'information', 'where']",Inherent_Risk_Assessment.pdf
40,What is the purpose of the Applicability Review in the Inherent Risk Assessment (IRA) process?,The purpose of the Applicability Review is to determine which Reliability Standards and Requirements are applicable to a registered entity based on the information gathered during the information collection phase.,"['Applicability Review', 'Reliability Standards', 'Requirements', 'registered entity', 'information collection phase']",Inherent_Risk_Assessment.pdf
41,What is the criteria for determining the applicability of Reliability Standards and Requirements?,"The criteria for determining the applicability of Reliability Standards and Requirements include the nature of the entity, the functional designation of the entity, and the risk factors associated with the entity.","['nature', 'functional designation', 'risk factors']",Inherent_Risk_Assessment.pdf
42,What is the role of the CEA in the Applicability Review?,The CEA is responsible for performing the Applicability Review and determining which Reliability Standards and Requirements are applicable to the registered entity.,"['CEA', 'Applicability', 'Review', 'Reliability', 'Standards', 'Requirements', 'registered', 'entity']",Inherent_Risk_Assessment.pdf
43,What is the next step after completing the Applicability Review?,"After completing the Applicability Review, the CEA will perform a Risk Factor Analysis to determine the level of risk associated with each applicable Reliability Standard and Requirement.","['After', 'completing', 'the', 'Applicability', 'Review', 'the', 'CEA', 'will', 'perform', 'a', 'Risk', 'Factor', 'Analysis', 'to', 'determine', 'the', 'level', 'of', 'risk', 'associated', 'with', 'each', 'applicable', 'Reliability', 'Standard', 'and', 'Requirement']",Inherent_Risk_Assessment.pdf
44,What is the purpose of the Risk Factor Analysis?,The purpose of the Risk Factor Analysis is to determine the level of risk associated with each applicable Reliability Standard and Requirement and to identify areas of focus within the registered entity.,"['determine', 'level', 'risk', 'associated', 'apply', 'standard', 'requirement', 'identify', 'areas', 'focus', 'registered', 'entity']",Inherent_Risk_Assessment.pdf
45,What are some examples of risk factors that may be considered in the Risk Factor Analysis?,"Examples of risk factors that may be considered in the Risk Factor Analysis include Under Voltage Load Shedding (UVLS) consideration, Vegetation Management, and special protective systems (SPSs).","['UVLS', 'Vegetation Management', 'SPSs']",Inherent_Risk_Assessment.pdf
46,How are risk factors weighted in the Risk Factor Analysis?,"Risk factors are weighted based on risk factor evaluation criteria, such as the likelihood and potential impact of a risk event, as shown in the Appendix C – Risk Factor Examples.","['risk factors', 'weighted', 'criteria', 'likelihood', 'potential impact', 'risk event']",Inherent_Risk_Assessment.pdf
47,What is the purpose of reconfirming the Reliability Standards and Requirements applicable to the registered entity?,The purpose of reconfirming the Reliability Standards and Requirements applicable to the registered entity is to ensure that the CEA has accurately identified all relevant risk factors and associated Reliability Standards and Requirements based on the information gathered.,"['ensure', 'accurately', 'identified', 'relevant', 'risk', 'factors', 'associated', 'Reliability', 'Standards', 'Requirements']",Inherent_Risk_Assessment.pdf
48,How does the CEA determine the level of risk associated with each risk factor?,The CEA determines the level of risk associated with each risk factor by evaluating the risk factor against the defined risk factor evaluation criteria and assessing the likelihood and potential impact of a risk event.,"['evaluating', 'assessing']",Inherent_Risk_Assessment.pdf
49,"Can the risk factor evaluation criteria vary by region, entity size, or function?","Yes, the risk factor evaluation criteria may vary by region, entity size, or function, and the CEA must consider these factors when evaluating the relative importance of a particular risk factor criterion.",['Yes'],Inherent_Risk_Assessment.pdf
50,What is the purpose of Appendix C in the context of inherent risk assessment?,"Appendix C can assist in evaluating the criteria of applied risk factors, but consideration must be made for a registered entity’s size or function.","['Appendix C', 'risk factors', 'size', 'function']",Inherent_Risk_Assessment.pdf
51,How may the relative importance of a particular risk-factor criterion vary?,The relative importance of a particular risk-factor criterion may need to be evaluated compared to a registered entity’s size or function.,"['may', 'need', 'evaluated', 'compared', 'size', 'function']",Inherent_Risk_Assessment.pdf
52,"May certain risk factors and their associated criteria/thresholds vary by region, entity size, or function?","Yes, certain risk factors and their associated criteria/thresholds may vary by region, by entity size, or by function.",['Yes'],Inherent_Risk_Assessment.pdf
53,What is the purpose of the CEA documenting their professional judgment used in identifying risk factors and developing risk factor evaluation criteria?,The CEA should document their professional judgment used in identifying risk factors and developing risk factor evaluation criteria to support the conclusion reached in determining an entity’s unique inherent risks to the reliability of the BPS.,"['The', 'should', 'document', 'their', 'professional', 'judgment', 'used', 'in', 'identifying', 'risk', 'factors', 'and', 'developing', 'risk', 'factor', 'evaluation', 'criteria', 'to', 'support', 'the', 'conclusion', 'reached', 'in', 'determining', 'an', 'entity’s', 'unique', 'inherent', 'risks', 'to', 'the', 'reliability', 'of', 'the', 'BPS']",Inherent_Risk_Assessment.pdf
54,What is an example of a risk factor that may be associated with a GOP registered function?,An example of a risk factor associated with a GOP registered function is UVLS and System events and trends.,"['UVLS', 'System', 'events', 'trends']",Inherent_Risk_Assessment.pdf
55,What is the purpose of the risk factor criteria in the context of inherent risk assessment?,The risk factor criteria are used to evaluate the applicability of risk factors to a registered entity’s inherent risk to the reliability of the BPS.,"['risk factor', 'criteria', 'inherent risk', 'BPS']",Inherent_Risk_Assessment.pdf
56,"How may the risk factors and associated requirements under VAR-002-2b R1, R2, R3, R4 remain in scope if the CEA determined that the entity’s characteristics meet higher ranked criteria?","The risk factors and associated requirements under VAR-002-2b R1, R2, R3, R4 would remain in scope if the CEA determined that the entity’s characteristics meet higher ranked criteria.","['The', 'risk', 'factors', 'and', 'associated', 'requirements', 'under', 'VAR-002-2b', 'R1', 'R2', 'R3', 'R4', 'would', 'remain', 'in', 'scope', 'if', 'the', 'CEA', 'determined', 'that', 'the', 'entity’s', 'characteristics', 'meet', 'higher', 'ranked', 'criteria']",Inherent_Risk_Assessment.pdf
57,What is the purpose of the quality review of IRA conclusions?,The purpose of the quality review of IRA conclusions is to ensure that the conclusions reached by the CEA are appropriate based on the information known about the registered entity.,"['appropriate', 'information', 'known', 'registered', 'entity']",Inherent_Risk_Assessment.pdf
58,What are the key outputs of the IRA process?,"The key outputs of the IRA process include an updated list of risk factors used to assess the registered entity’s inherent risk to the reliability of the BPS, a comprehensive list of Reliability Standards and Requirements that are determined to be applicable to the registered entity, and documentation supporting inclusion/exclusion of Reliability Standards and Requirements.","['updated list', 'risk factors', 'inherent risk', 'BPS', 'comprehensive list', 'Reliability Standards', 'Requirements', 'documentation', 'inclusion', 'exclusion']",Inherent_Risk_Assessment.pdf
59,What is the purpose of mapping risk factors and criteria to applicable Reliability Standards and Requirements?,The purpose of mapping risk factors and criteria to applicable Reliability Standards and Requirements is to ensure that the registered entity meets the requirements necessary to mitigate the identified risks to the reliability of the BPS.,"['mitigate', 'risks', 'reliability', 'BPS']",Inherent_Risk_Assessment.pdf
60,What is the purpose of the IRA process?,The purpose of the IRA process is to assess the inherent risks and potential risks to reliability posed by a registered entity.,['The purpose of the IRA process is to assess the inherent risks and potential risks to reliability posed by a registered entity.'],Inherent_Risk_Assessment.pdf
61,What are the key outputs of the IRA process?,"The key outputs of the IRA process include identification of inherent risks, list of associated Reliability Standards and Requirements, summary of how the IRA ties to different analyses performed and subsequent conclusions, and a draft compliance oversight plan for the registered entity.","['identification', 'inherent', 'risks', 'list', 'associated', 'Reliability', 'Standards', 'Requirements', 'summary', 'ties', 'analyses', 'performed', 'subsequent', 'conclusions', 'draft', 'compliance', 'oversight', 'plan', 'registered', 'entity']",Inherent_Risk_Assessment.pdf
62,What are the key questions for the Decision Making phase of the IRA process?,"The key questions for the Decision Making phase of the IRA process include:

* Which Reliability Standards and Requirements are not applicable?
* Which risk factors are not applicable?
* Which risk factors are used to assess the level of significance of Reliability Standards and Requirements in scope?
* What are the areas of focus?
* What level of effort should be assigned to each area of focus?
* What is the preliminary compliance oversight plan?",,Inherent_Risk_Assessment.pdf
63,What is the role of the CEA in the IRA process?,The CEA is the owner of the IRA process and is responsible for assessing inherent risks and potential risks to reliability posed by a registered entity.,"['CEA', 'IRA', 'risks', 'reliability', 'registered entity']",Inherent_Risk_Assessment.pdf
64,How often should the IRA be performed?,"The IRA should be performed on a periodic basis, with the frequency based on a variety of factors including changes to a registered entity and significant changes or emergence of new reliability risks.","['periodic', 'basis', 'variety', 'factors', 'changes', 'registered', 'entity', 'significant', 'emergence', 'new', 'reliability', 'risks']",Inherent_Risk_Assessment.pdf
65,What triggers a revision of the IRA?,"A revision of the IRA may be necessary due to changes to a registered entity, significant changes or emergence of new reliability risks, system events, changes in compliance history or activity, significant changes to organization structure, changes to Reliability Standards, etc.","['revision', 'IRA', 'changes', 'risks', 'system', 'compliance', 'activity', 'structure', 'standards']",Inherent_Risk_Assessment.pdf
66,How does the CEA document the IRA process?,"The CEA should document each phase of the IRA process, including Information Gathering, Decision Making, and IRA Outcomes. The CEA should also document conclusions around risk factors, Reliability Standards and Requirements applicable to the registered entity, outcomes of the Decision Making phase, and supporting information.","['The', 'CEA', 'IRA', 'process', 'Information', 'Gathering', 'Decision', 'Making', 'IRA', 'Outcomes', 'risk', 'Reliability', 'Standards', 'Requirements', 'registered', 'entity', 'outcomes', 'Decision', 'Making', 'phase', 'supporting', 'information']",Inherent_Risk_Assessment.pdf
67,"What should the CEA do if new, emerging, or unique information is obtained about risks to the reliability of the BPS?","If new, emerging, or unique information is obtained about risks to the reliability of the BPS, the CEA should consider whether it needs to revisit an IRA to determine how the new reliability risk impacts a registered entity.","['If', 'new', 'risks', 'BPS', 'IRA', 'registered', 'entity']",Inherent_Risk_Assessment.pdf
68,How does the CEA share IRA results with the registered entity?,"The CEA should facilitate a collaborative dialogue with the registered entity throughout the IRA process and share the summary results with the registered entity, including risk areas and impact on the scope of monitoring.","['The', 'CEA', 'should', 'facilitate', 'a', 'collaborative', 'dialogue', 'with', 'the', 'registered', 'entity', 'throughout', 'the', 'IRA', 'process', 'and', 'share', 'the', 'summary', 'results', 'with', 'the', 'registered', 'entity', 'including', 'risk', 'areas', 'and', 'impact', 'on', 'the', 'scope', 'of', 'monitoring']",Inherent_Risk_Assessment.pdf
69,What is the importance of an IRA in maintaining a reliable BPS?,An IRA is essential in maintaining a reliable BPS as it establishes a frame of reference by which the IRA is conducted and helps ensure that the CEA has appropriate and sufficient information to conduct the IRA and reach accurate conclusions.,"['IRA', 'BPS', 'CEA']",Inherent_Risk_Assessment.pdf
70,"What should CEAs do when they identify risk focus areas that do not map to current, enforceable Reliability Standards during an IRA?",CEAs should consider whether it needs to revisit an IRA to determine how the new reliability risk impacts a registered entity.,"['revisit', 'IRA', 'new', 'risk', 'impacts', 'registered', 'entity']",Inherent_Risk_Assessment.pdf
71,What is the purpose of the feedback loop involving compliance monitoring activities and the NERC standards development process?,"The feedback loop will help inform future priorities, projects in the NERC standards development process, and other ERO Enterprise program areas.","['inform', 'future', 'priorities', 'projects', 'NERC', 'standards', 'development', 'process', 'ERO', 'Enterprise', 'program', 'areas']",Inherent_Risk_Assessment.pdf
72,How should CEAs document their conclusions made during the IRA process?,"CEAs should follow established documentation protocols, refer to the NERC Rules of Procedure, and use professional judgment when determining documentation needs throughout the IRA process.","['follow', 'established', 'documentation', 'procedure', 'professional']",Inherent_Risk_Assessment.pdf
73,What is the extent of documentation required for the IRA process?,"The extent of documentation is directly linked to the nature, size, and complexity of the issues, procedures performed, and methodologies and technologies used during the process.","['directly', 'linked', 'nature', 'size', 'complexity', 'issues', 'procedures', 'methodologies', 'technologies', 'used', 'process']",Inherent_Risk_Assessment.pdf
74,What are some examples of documentation that should be retained by CEAs upon completion of the IRA process?,"Examples of documentation that should be retained include IRA programs, analyses, memoranda, summaries of significant findings or issues, checklists, abstracts, copies of important documents, and paper or electronic correspondence concerning significant findings or issues.","['IRA', 'programs', 'analyses', 'memoranda', 'summaries', 'checklists', 'abstracts', 'copies', 'documents', 'correspondence']",Inherent_Risk_Assessment.pdf
75,How can CEAs determine the sufficiency and appropriateness of evidence to be examined during the IRA process?,CEAs can use reference materials such as Generally Accepted Government Auditing Standards (GAGAS) and ERO Compliance Auditor Handbook to determine the sufficiency and appropriateness of evidence.,"['GAGAS', 'ERO Compliance Auditor Handbook']",Inherent_Risk_Assessment.pdf
76,What is the purpose of the Annual ERO CMEP Implementation Plan?,The purpose of the Annual ERO CMEP Implementation Plan is to provide a roadmap for the ERO Enterprise's compliance and reliability programs.,"['compliance', 'reliability', 'roadmap']",Inherent_Risk_Assessment.pdf
77,Where can CEAs find the NERC Rules of Procedure?,CEAs can find the NERC Rules of Procedure at http://www.nerc.com/AboutNERC/Pages/Rules-of-Procedure.,['http://www.nerc.com/AboutNERC/Pages/Rules-of-Procedure'],Inherent_Risk_Assessment.pdf
78,What should CEAs consider when determining the nature and extent of documentation that should be retained?,CEAs should consider the information that would be required for an experienced compliance team member to understand the work performed and the conclusions reached during the IRA.,"['CEAs', 'IRA']",Inherent_Risk_Assessment.pdf
79,What is the role of professional judgment in the IRA process?,CEAs should use professional judgment when determining documentation needs throughout the IRA process and when applying the IRA process detailed in the Guide.,"['professional judgment', 'IRA process']",Inherent_Risk_Assessment.pdf
80,What is the purpose of the Inherent Risk Assessment (IRA) process?,The purpose of the IRA process is to identify and assess the risks specific to a registered entity that could impact the reliability of the Bulk Power System (BPS).,"['Inherent Risk Assessment', 'Bulk Power System']",Inherent_Risk_Assessment.pdf
81,What is the role of the Compliance Enforcement Authority in the IRA process?,"The Compliance Enforcement Authority, either NERC or the Regional Entity, is responsible for monitoring and enforcing compliance with the Reliability Standards.","['Compliance Enforcement Authority', 'NERC', 'Regional Entity', 'Reliability Standards']",Inherent_Risk_Assessment.pdf
82,What are CMEP Tools?,"CMEP Tools are tools used during the compliance monitoring processes to develop the Compliance Oversight Plan. They include, but are not limited to, Compliance Audits, Spot Checks, Self-Certifications, and Periodic Data Submittals.","['CMEP', 'Compliance', 'Audits', 'Spot', 'Checks', 'Self-Certifications', 'Periodic', 'Data', 'Submittals']",Inherent_Risk_Assessment.pdf
83,What is the difference between Reasonable Assurance and Professional Judgment?,"Reasonable Assurance refers to conclusions based on evidence that is sufficient and appropriate to support the CEA’s conclusions, while Professional Judgment represents the exercising of reasonable care and professional skepticism.","['Reasonable Assurance', 'Professional Judgment']",Inherent_Risk_Assessment.pdf
84,What is the purpose of the Risk-based Compliance Oversight Framework?,"The Risk-based Compliance Oversight Framework is a risk-based approach that includes process steps and considerations of Risk Elements, IRA, Internal Control Evaluation (ICE), and CMEP Tools.","['Risk-based', 'Compliance', 'Oversight', 'Framework']",Inherent_Risk_Assessment.pdf
85,What are Risk Factors?,Risk Factors are considerations used during an IRA to identify a registered entity’s risk characteristics that are inherent to a registered entity’s configuration and may impact the reliability of the BPS.,"['Risk', 'Factors', 'registered', 'entity', 'configuration', 'reliability', 'BPS']",Inherent_Risk_Assessment.pdf
86,What is the role of Information Attributes in the IRA process?,Information Attributes are registered entity-specific data or information that is collected by Regional Entities to be used during the IRA and related processes to support the development of the Compliance Oversight Plan.,"['Information Attributes', 'IRA', 'Compliance Oversight Plan']",Inherent_Risk_Assessment.pdf
87,What is the purpose of the Annual ERO CMEP Implementation Plan?,"The purpose of the Annual ERO CMEP Implementation Plan is to outline the oversight strategy for a registered entity, including areas of focus, level of efforts, timing, and overall strategy on the use of CMEP tools.","['The purpose', 'including', 'level', 'timing', 'overall', 'strategy']",Inherent_Risk_Assessment.pdf
88,What is the difference between Preliminary Area of Focus and Final Area of Focus?,"The Preliminary Area of Focus is a list of risks and mapped Reliability Standards that have not been removed from the potential Area of Focus during the IRA phases, while the Final Area of Focus is the list of risks and mapped Reliability Standards that are deemed applicable to the registered entity.","['Preliminary Area of Focus', 'Final Area of Focus']",Inherent_Risk_Assessment.pdf
89,What is the significance of the Generally Accepted Government Auditing Standards (GAGAS) in the IRA process?,"The GAGAS provides guidance on auditing standards and procedures for auditors and evaluators, including those conducting IRAs, to ensure that their work is performed in a consistent and reliable manner.","['GAGAS', 'IRA', 'auditing', 'standards', 'procedures', 'consistent', 'reliable']",Inherent_Risk_Assessment.pdf
90,What is the purpose of the information attribute list in an IRA?,"The purpose of the information attribute list is to serve as a guide for identifying relevant data to be collected during an IRA, but it is not a comprehensive list. It summarizes the purpose of each information attribute and provides criteria to understand data standards and rationale for collection.","['guide', 'identifying', 'relevant', 'data', 'collection']",Inherent_Risk_Assessment.pdf
91,What are the different sources of information used to collect data for an IRA?,"The different sources of information used to collect data for an IRA include publicly available sources, third-party sources, CEA internal sources (such as NERC and Regional Entities), and direct information gathering from the registered entity.","['publicly', 'third-party', 'CEA', 'NERC', 'Regional', 'Entities', 'direct']",Inherent_Risk_Assessment.pdf
92,"What is the purpose of the ""source"" descriptions for each information attribute in an IRA?","The ""source"" descriptions for each information attribute in an IRA provide possible collection methods for the attribute.","['possible', 'collection', 'methods', 'attribute']",Inherent_Risk_Assessment.pdf
93,What is the purpose of the Total Megawatt Capability information attribute in an IRA?,The purpose of the Total Megawatt Capability information attribute in an IRA is to assess the magnitude of possible impact for BAs/TOPs/LSEs.,"['Total', 'Megawatt', 'Capability', 'information', 'attribute', 'IRA', 'assess', 'magnitude', 'possible', 'impact', 'BAs', 'TOPs', 'LSEs']",Inherent_Risk_Assessment.pdf
94,What is the purpose of the Interconnection Points and Key Facilities information attribute in an IRA?,The purpose of the Interconnection Points and Key Facilities information attribute in an IRA is to understand the potential operating risk for certain Entity's facilities.,"['Interconnection', 'Points', 'Key', 'Facilities', 'information', 'attribute', 'IRA', 'operating', 'risk', 'Entity', 'facilities']",Inherent_Risk_Assessment.pdf
95,What is the purpose of the Special Protection Systems information attribute in an IRA?,"The purpose of the Special Protection Systems information attribute in an IRA is to reflect potential risks in system, management, and awareness.","['reflect', 'risks', 'system', 'management', 'awareness']",Inherent_Risk_Assessment.pdf
96,What is the purpose of the SCADA and EMS systems information attribute in an IRA?,"The purpose of the SCADA and EMS systems information attribute in an IRA is to identify possible cyber gaps, CIP guidance, controls, and monitoring, and operational planning.","['possible', 'cyber', 'gaps', 'CIP', 'guidance', 'controls', 'monitoring', 'operational', 'planning']",Inherent_Risk_Assessment.pdf
97,What is the purpose of the Network Diagrams information attribute in an IRA?,"The purpose of the Network Diagrams information attribute in an IRA is to understand the potential risks in local system, awareness, control, system support/restoration/prevention.","['understand', 'potential', 'risks', 'local', 'system', 'awareness', 'control', 'system', 'support', 'restoration', 'prevention']",Inherent_Risk_Assessment.pdf
98,What is the purpose of the Undervoltage Load Shedding information attribute in an IRA?,"The purpose of the Undervoltage Load Shedding information attribute in an IRA is to assess the potential risks in local system, awareness, control, system support/restoration/prevention.","['risks', 'local', 'system', 'awareness', 'control', 'support', 'restoration', 'prevention']",Inherent_Risk_Assessment.pdf
99,What is the purpose of the Physical Security information attribute in an IRA?,"The purpose of the Physical Security information attribute in an IRA is to assess the potential risks in local system, awareness, control, system support/restoration/prevention.","['risks', 'local', 'system', 'awareness', 'control', 'support', 'restoration', 'prevention']",Inherent_Risk_Assessment.pdf
100,What is the purpose of the System Communication Methods information attribute in an IRA?,"The purpose of the System Communication Methods information attribute in an IRA is to understand the potential risks in local system, awareness, control, system support/restoration/prevention.","['awareness', 'control', 'restoration', 'prevention', 'local system', 'potential risks']",Inherent_Risk_Assessment.pdf
101,What is the purpose of the Information Attribute List in the NERC ERO Enterprise Inherent Risk Assessment Guide?,"The purpose of the Information Attribute List is to provide a comprehensive list of information attributes that can be used to assess the inherent risk of an entity's operations, including information on blackstart resources, IROLS, SOLS, critical facilities, generation portfolio, transmission portfolio, compliance responsibilities, ownership, and operation, major changes to operations, and regional factors affecting reliability.","['including', 'blackstart', 'IROLS', 'SOLS', 'critical', 'generation', 'transmission', 'compliance', 'ownership', 'operation', 'major', 'regional']",Inherent_Risk_Assessment.pdf
102,What is the significance of Undervoltage Load Shedding in the context of the given text?,"Undervoltage Load Shedding is a potential risk in the local system, and awareness and control of it are important for preventing misoperation and reducing the length of blackouts.","['Undervoltage Load Shedding', 'potential risk', 'local system', 'awareness', 'control', 'preventing misoperation', 'reducing blackouts']",Inherent_Risk_Assessment.pdf
103,What is the role of the Planning Authority in designating Critical Facilities?,The Planning Authority designates Critical Facilities based on the potential operating risk of certain Entity's facilities.,"['The', 'Planning', 'Authority', 'designates', 'Critical', 'Facilities']",Inherent_Risk_Assessment.pdf
104,What is the purpose of the RC/TOP Plans and PA submittals to REs?,The purpose of the RC/TOP Plans and PA submittals to REs is to provide a system restoration plan and to outline the responsibilities of entities in restoring the system and reducing the length of blackouts.,"['system', 'restoration', 'plan', 'responsibilities', 'entities', 'blackouts']",Inherent_Risk_Assessment.pdf
105,What is the significance of understanding Entity and responsibilities for restoring the system?,Understanding Entity and responsibilities for restoring the system is crucial for reducing the length of blackouts and preventing misoperation.,"['crucial', 'reducing', 'blackouts', 'preventing', 'misoperation']",Inherent_Risk_Assessment.pdf
106,What is the purpose of the Entity registration and system models?,The purpose of the Entity registration and system models is to provide a comprehensive understanding of the potential operating risk of certain Entity's facilities.,"['comprehensive', 'understanding', 'potential', 'operating', 'risk', 'facilities']",Inherent_Risk_Assessment.pdf
107,What is the significance of the Magnitude of possible impact in the context of the given text?,The Magnitude of possible impact is important in understanding the potential operating risk of certain Entity's facilities and in determining the appropriate level of compliance responsibilities.,"['Magnitude', 'impact', 'risk', 'compliance', 'responsibilities']",Inherent_Risk_Assessment.pdf
108,What is the purpose of the Compliance and Enforcement History?,"The purpose of the Compliance and Enforcement History is to provide a record of an entity's compliance activities, including involvement in TFEs, periodic data submittals, self-certifications, areas of concern, and audit recommendations.","['TFEs', 'periodic', 'self-certifications', 'areas', 'concern', 'audit']",Inherent_Risk_Assessment.pdf
109,What is the significance of the Ratio of self-reports versus violation history in the context of the given text?,The ratio of self-reports versus violation history is important in understanding an entity's culture of compliance and potential areas of concern and possible IRA impacts.,"['important', 'compliance', 'concern', 'IRA']",Inherent_Risk_Assessment.pdf
110,What is the purpose of the Regional Factors Affecting Reliability?,"The purpose of the Regional Factors Affecting Reliability is to provide a comprehensive understanding of the impact of system geography, climatology, and other regional factors on the reliability of the system.","['comprehensive', 'impact', 'system', 'geography', 'climatology', 'reliability']",Inherent_Risk_Assessment.pdf
111,What is the significance of the Ownership and operation in the context of the given text?,Ownership and operation are important in understanding an entity's footprint (asset ownership) and in determining the appropriate level of compliance responsibilities.,"['Ownership', 'operation', 'footprint', 'asset ownership', 'compliance', 'responsibilities']",Inherent_Risk_Assessment.pdf
112,What is the purpose of the Compliance and Enforcement History section in the ERO Enterprise Inherent Risk Assessment Guide?,"The purpose of the Compliance and Enforcement History section is to understand the Entity's culture of compliance and potential areas of concern, as well as possible IRA impacts.","['Compliance', 'Enforcement', 'History', 'section', 'ERO', 'Enterprise', 'Inherent', 'Risk', 'Assessment', 'Guide', 'culture', 'concern', 'IRA', 'impacts']",Inherent_Risk_Assessment.pdf
113,What is the significance of understanding the Entity's culture of compliance?,Understanding the Entity's culture of compliance is important because it helps identify potential areas of concern and possible IRA impacts.,"['important', 'identify', 'potential', 'concern', 'possible', 'IRA', 'impacts']",Inherent_Risk_Assessment.pdf
114,What are some of the compliance activities that the Entity is involved in?,"The Entity is involved in TFEs, periodic data submittals, self-certifications, and audit recommendations.","['TFEs', 'periodic', 'self-certifications', 'audit']",Inherent_Risk_Assessment.pdf
115,What is the purpose of the Mitigation Plans and milestones in the Enforcement activities section?,The purpose of the Mitigation Plans and milestones is to address areas of concern and potential IRA impacts.,"['Mitigation', 'Plans', 'milestones', 'Enforcement', 'activities', 'address', 'areas', 'concern', 'potential', 'IRA', 'impacts']",Inherent_Risk_Assessment.pdf
116,"What is the significance of the Misoperations database, Entity reporting via TADS, GADS, DADS?","The Misoperations database, Entity reporting via TADS, GADS, DADS, is important for understanding potential risk related to corrective actions.","['The', 'important', 'potential', 'risk', 'corrective', 'actions']",Inherent_Risk_Assessment.pdf
117,What is the purpose of the Root cause analysis/corrective action/compliance assessment?,The purpose of the Root cause analysis/corrective action/compliance assessment is to understand potential risk related to corrective actions.,"['understand', 'potential', 'risk', 'related', 'corrective', 'actions']",Inherent_Risk_Assessment.pdf
118,"What is the significance of the NERC/RE (RAPA, operations group) reports and information?","The NERC/RE (RAPA, operations group) reports and information are important for understanding Entity operations and its high-risk facility and interconnection information.","['Entity', 'operations', 'high-risk', 'facility', 'interconnection']",Inherent_Risk_Assessment.pdf
119,What is the purpose of Emergency Energy Alerts?,The purpose of Emergency Energy Alerts is to identify reoccurring issues that may impact reliable operations.,"['reoccurring', 'issues', 'impact', 'reliable', 'operations']",Inherent_Risk_Assessment.pdf
120,What is the significance of the Possible Risk Factors in the Risk Factor Examples section?,The Possible Risk Factors in the Risk Factor Examples section are important for assessing the risk of the Entity's operations.,"['important', 'risk', 'operations']",Inherent_Risk_Assessment.pdf
121,What is the purpose of the BPS Exposure section?,The purpose of the BPS Exposure section is to understand the Entity's exposure to critical facilities designated by the Planning Authority.,"['purpose', 'exposure', 'facilities', 'planning', 'authority']",Inherent_Risk_Assessment.pdf
122,What is the significance of the Effective mix of power generating resources and percentage of their total megawatt output capability?,The Effective mix of power generating resources and percentage of their total megawatt output capability is important for understanding the Entity's ability to recover from changing conditions across the ERO.,"['Important', 'ERO']",Inherent_Risk_Assessment.pdf
