question,answer,tokens_present,document
What is the mission statement of the IRS?,The mission statement of the IRS is “Provide America's taxpayers top-quality service by helping them understand and meet their tax responsibilities and enforce the law with integrity and fairness to all.”,"['Provide', 'top-quality', 'service', 'understand', 'meet', 'tax', 'responsibilities', 'enforce', 'law', 'integrity', 'fairness', 'all']",IRS_Strategic_Operating_Plan.pdf
What is the purpose of the IRS Inflation Reduction Act Strategic Operating Plan?,"The purpose of the IRS Inflation Reduction Act Strategic Operating Plan is to provide a vision for the future of Federal tax administration and to outline a series of initiatives and projects to improve services to taxpayers, resolve taxpayer issues, enhance enforcement, and attract and retain a skilled workforce.","['vision', 'future', 'tax administration', 'improve', 'services', 'taxpayers', 'resolve', 'issues', 'enhance', 'enforcement', 'skilled', 'workforce']",IRS_Strategic_Operating_Plan.pdf
What are the five objectives of the IRS Inflation Reduction Act Strategic Operating Plan?,"The five objectives of the IRS Inflation Reduction Act Strategic Operating Plan are to:

1. Dramatically improve services to help taxpayers meet their obligations and receive the tax incentives for which they are eligible
2. Quickly resolve taxpayer issues when they arise
3. Focus expanded enforcement on taxpayers with complex tax filings and high-dollar noncompliance to address the tax gap
4. Deliver cutting-edge technology, data, and analytics to operate more effectively
5. Attract, retain, and empower a highly skilled, diverse workforce and develop a culture that is better equipped to deliver results for taxpayers",,IRS_Strategic_Operating_Plan.pdf
What does the IRS plan to do to improve customer service?,"The IRS plans to improve customer service by providing a world-class customer service operation where taxpayers can engage with the IRS in a fully digital manner, deploying helpful tools for taxpayers to navigate the complexity of tax laws, and maintaining a customer service workforce with the right size, resources, and training to meet taxpayer demand for assistance.","['world-class', 'digital', 'taxpayers', 'tax laws', 'customer service', 'workforce', 'resources', 'training', 'taxpayer demand', 'assistance']",IRS_Strategic_Operating_Plan.pdf
What does the IRS plan to do to address the tax gap?,The IRS plans to address the tax gap by focusing expanded enforcement on taxpayers with complex tax filings and high-dollar noncompliance.,"['The IRS', 'plans', 'tax gap', 'enforcement', 'taxpayers', 'noncompliance']",IRS_Strategic_Operating_Plan.pdf
How will the IRS improve the customer experience?,"The IRS will improve the customer experience by providing a fully digital customer service operation, deploying helpful tools for taxpayers, and maintaining a well-trained and well-resourced customer service workforce.","['fully digital', 'customer service', 'taxpayers', 'well-trained', 'well-resourced']",IRS_Strategic_Operating_Plan.pdf
What is the goal of the IRS Inflation Reduction Act Strategic Operating Plan?,"The goal of the IRS Inflation Reduction Act Strategic Operating Plan is to provide a vision for the future of Federal tax administration and to outline a series of initiatives and projects to improve services to taxpayers, resolve taxpayer issues, enhance enforcement, and attract and retain a skilled workforce.","['vision', 'future', 'tax administration', 'improve', 'services', 'taxpayers', 'resolve', 'issues', 'enhance', 'enforcement', 'skilled', 'workforce']",IRS_Strategic_Operating_Plan.pdf
How will the IRS measure progress towards its goals?,The IRS will measure progress towards its goals by regularly monitoring and reporting to Congress on its progress and updating the Plan details as it learns more about what works and as the operating environment changes.,"['The IRS', 'will measure', 'progress', 'goals', 'Congress', 'Plan', 'details', 'learns', 'operating', 'environment', 'changes']",IRS_Strategic_Operating_Plan.pdf
What is the importance of the IRS Inflation Reduction Act Strategic Operating Plan?,"The IRS Inflation Reduction Act Strategic Operating Plan is important because it provides a roadmap for the future of Federal tax administration and outlines initiatives and projects to improve services to taxpayers, resolve taxpayer issues, enhance enforcement, and attract and retain a skilled workforce.","['important', 'roadmap', 'future', 'tax administration', 'initiatives', 'projects', 'improve', 'services', 'taxpayers', 'resolve', 'issues', 'enhance', 'enforcement', 'skilled', 'workforce']",IRS_Strategic_Operating_Plan.pdf
Who is the intended audience for the IRS Inflation Reduction Act Strategic Operating Plan?,"The intended audience for the IRS Inflation Reduction Act Strategic Operating Plan is Congress, taxpayers, and stakeholders interested in Federal tax administration.","['Congress', 'taxpayers', 'stakeholders', 'Federal', 'tax', 'administration']",IRS_Strategic_Operating_Plan.pdf
What is the main objective of the IRS Strategic Operating Plan?,"The main objective of the IRS Strategic Operating Plan is to modernize the tax administration system and provide better services to taxpayers, while also ensuring that taxpayers file accurate returns and pay the taxes they owe.","['modernize', 'tax administration', 'better services', 'accurate returns', 'pay taxes']",IRS_Strategic_Operating_Plan.pdf
What are the two main objectives of the Plan?,"The two main objectives of the Plan are to dramatically improve services to help taxpayers meet their obligations and receive the tax incentives for which they are eligible, and to quickly resolve taxpayer issues when they arise.","['dramatically', 'improve', 'services', 'taxpayers', 'eligible', 'quickly', 'resolve', 'taxpayer', 'issues']",IRS_Strategic_Operating_Plan.pdf
How does the IRS plan to improve services to taxpayers?,"The IRS plans to improve services to taxpayers by hiring and growing talent with the right skills to address the nation's increasingly complex tax system, leveraging technology, automation, and other tools to enable higher staff efficiency than was historically achieved, and focusing on providing better service to taxpayers, helping them file accurately and resolving issues at filing.","['hiring', 'growing', 'talent', 'technology', 'automation', 'tools', 'staff', 'efficiency', 'service', 'taxpayers', 'file', 'resolving', 'issues']",IRS_Strategic_Operating_Plan.pdf
What is the significance of sustained annual resource funding for IRS operating costs?,"Sustained annual resource funding for IRS operating costs is crucial to maintaining optimal staffing and investment levels, as well as ensuring that the IRS can continue to provide quality services to taxpayers and enforce tax laws effectively.","['crucial', 'optimal', 'staffing', 'investment', 'quality', 'services', 'taxpayers', 'enforce', 'laws', 'effectively']",IRS_Strategic_Operating_Plan.pdf
What is the purpose of the supplemental budget materials that the IRS will transmit to Congressional committees?,"The purpose of the supplemental budget materials is to provide more detailed spending plans by appropriation, including estimated spending through FY 2024, and to share staffing information and more detailed technology spending in advance of major technolog investments.","['purpose', 'supplemental', 'budget', 'materials', 'transmit', 'Congressional', 'committees']",IRS_Strategic_Operating_Plan.pdf
How does the IRS plan to address the issue of noncompliance?,"The IRS plans to address the issue of noncompliance by focusing enforcement resources on high-income and high-wealth individuals, complex partnerships, and large corporations that are not paying the taxes they owe, while also providing better services to taxpayers to help them file accurately and resolve issues at filing.","['focusing', 'high-income', 'high-wealth', 'individuals', 'complex', 'partnerships', 'large', 'corporations', 'not', 'paying', 'taxes', 'owe', 'providing', 'better', 'services', 'taxpayers', 'file', 'accurately', 'resolve', 'issues', 'filing']",IRS_Strategic_Operating_Plan.pdf
What is the role of technology in the IRS Strategic Operating Plan?,"Technology plays a critical role in the IRS Strategic Operating Plan, as the IRS plans to leverage technology, automation, and other tools to enable higher staff efficiency than was historically achieved, improve services to taxpayers, and enhance enforcement capabilities.","['technology', 'IRS', 'plan', 'automation', 'tools', 'efficiency', 'services', 'taxpayers', 'enforcement']",IRS_Strategic_Operating_Plan.pdf
How will the IRS ensure transparency in spending?,"The IRS will ensure transparency in spending by providing detailed spending plans and updates to Congressional committees, as well as sharing staffing information and more detailed technology spending in advance of major technolog investments.","['The IRS', 'detailed', 'spending', 'plans', 'updates', 'Congressional', 'committees', 'staffing', 'information', 'technology', 'investments']",IRS_Strategic_Operating_Plan.pdf
What is the significance of employee engagement in the IRS Strategic Operating Plan?,"Employee engagement is critical to the success of the IRS Strategic Operating Plan, as the IRS plans to hire and grow talent with the right skills to address the nation's increasingly complex tax system, and leveraging technology, automation, and other tools to enable higher staff efficiency than was historically achieved.","['critical', 'success', 'talent', 'skills', 'tax system', 'technology', 'automation', 'tools', 'staff efficiency']",IRS_Strategic_Operating_Plan.pdf
What is the timeline for implementing the IRS Strategic Operating Plan?,"The IRS Strategic Operating Plan is a multi-year plan, with a focus on FY 2022-2024, and the IRS plans to continue to work with stakeholders and provide updates on progress and spending plans in the coming years.","['multi-year', 'FY 2022-2024', 'coming years']",IRS_Strategic_Operating_Plan.pdf
What is the purpose of the Inflation Reduction Act (IRA) for the Internal Revenue Service (IRS)?,"The purpose of the IRA is to transform the administration of the tax system and the services provided to taxpayers by investing approximately $80 billion over the next decade to update technology capabilities and invest in employees with new tools, skills, and capabilities.","['transform', 'administration', 'tax', 'system', 'services', 'taxpayers', 'invest', 'technology', 'capabilities', 'employees']",IRS_Strategic_Operating_Plan.pdf
What is the current state of the IRS's budget?,"The IRS has been significantly underfunded for the past decade, with a budget reduction of 22% in real terms from 2010 to 2021, leaving the agency with outdated technology and a shrinking workforce in the face of an increasingly complex tax environment.","['underfunded', 'budget', 'reduction', 'outdated', 'shrinking', 'complex']",IRS_Strategic_Operating_Plan.pdf
What is the goal of the IRS's Strategic Operating Plan?,"The goal of the Plan is to deliver transformational change for taxpayers by leveraging the investments in the IRA to improve service, update technology, and invest in employees.","['transformational', 'change', 'taxpayers', 'IRA', 'service', 'technology', 'employees']",IRS_Strategic_Operating_Plan.pdf
What are the four objectives of the IRS's Strategic Operating Plan?,"The four objectives of the Plan are:

1. Quickly resolve taxpayer issues when they arise
2. Focus expanded enforcement on taxpayers with complex tax filings and high-dollar noncompliance to address the tax gap
3. Deliver cutting-edge technology, data, and analytics to operate more effectively
4. Attract, retain, and empower a highly skilled, diverse workforce and develop a culture that is better equipped to deliver results for taxpayers",,IRS_Strategic_Operating_Plan.pdf
What is the estimated allocation of funds for the IRS's Strategic Operating Plan?,The estimated allocation of funds for the Plan is $80 billion over the next decade.,"['$80 billion', 'next decade']",IRS_Strategic_Operating_Plan.pdf
Who are the stakeholders impacted by the IRS's Strategic Operating Plan?,"The stakeholders impacted by the Plan include taxpayers, tax professionals, and the broader tax ecosystem.","['taxpayers', 'tax professionals', 'broader tax ecosystem']",IRS_Strategic_Operating_Plan.pdf
What is the timeline for implementing the IRS's Strategic Operating Plan?,"The Plan is intended to be implemented over the next decade, with a high-level roadmap outlining the key milestones and deliverables.",['next decade'],IRS_Strategic_Operating_Plan.pdf
How will the IRS measure the success of its Strategic Operating Plan?,"The success of the Plan will be measured through a variety of metrics, including improved service levels, increased enforcement effectiveness, and improved employee engagement and retention.","['improved', 'increased', 'improved']",IRS_Strategic_Operating_Plan.pdf
What is the role of technology in the IRS's Strategic Operating Plan?,"Technology plays a critical role in the Plan, with investments in cutting-edge technology, data, and analytics to improve service delivery, enforcement, and employee productivity.","['technology', 'data', 'analytics', 'service delivery', 'enforcement', 'employee productivity']",IRS_Strategic_Operating_Plan.pdf
How does the IRS's Strategic Operating Plan align with the U.S. Treasury Strategic Plan?,"The IRS's Plan aligns with the U.S. Treasury Strategic Plan, which emphasizes the importance of modernizing the tax system and improving service to taxpayers.","['The', 'Plan', 'aligns', 'with', 'emphasizes', 'importance', 'modernizing', 'tax', 'system', 'improving', 'service', 'taxpayers']",IRS_Strategic_Operating_Plan.pdf
What are some of the trends and context that shaped the development of the IRS's Strategic Operating Plan?,"The Plan was developed in response to the Inflation Reduction Act, which provided the IRS with a historic opportunity to transform the administration of the tax system. The Plan also takes into account current and past input from a wide range of stakeholders in tax administration, as well as prior IRS planning efforts, including the Taxpayer First Act Report to Congress.","['Inflation Reduction Act', 'Taxpayer First Act Report', 'Congress']",IRS_Strategic_Operating_Plan.pdf
What is the goal of the IRS's taxpayer experience improvement plan?,"The goal of the IRS's taxpayer experience improvement plan is to provide better customer service, clearer guidance on how to correctly file taxes, increased options for filing electronically, and robust online accounts to take care of business quickly and independently.","['better', 'customer', 'service', 'clearer', 'guidance', 'file', 'taxes', 'increased', 'options', 'electronically', 'robust', 'online', 'accounts', 'business', 'quickly', 'independently']",IRS_Strategic_Operating_Plan.pdf
What is the purpose of the IRS's compliance work?,"The purpose of the IRS's compliance work is to ensure that taxpayers are compliant with tax laws and regulations, and to address the tax gap, which is the difference between the amount of taxes owed and the amount actually paid.","['compliance', 'taxes', 'taxpayers', 'regulations', 'tax gap']",IRS_Strategic_Operating_Plan.pdf
What is the estimated increase in federal revenue from the additional $80 billion provided to the IRS by the IRA?,"The Congressional Budget Office estimates that the additional $80 billion provided to the IRS by the IRA will increase federal revenue by more than $180 billion in the decade ahead, considering only direct enforcement revenue based on additional staffing.",['$180 billion'],IRS_Strategic_Operating_Plan.pdf
How will the IRS use technology to improve taxpayer services and compliance?,"The IRS will invest in new technology, building on contemporary foundational platforms, with modern architectures designed to meet future needs. This will require careful coordination between delivering new capabilities and modernizing or retiring legacy platforms.","['technology', 'platforms', 'future', 'coordination', 'capabilities', 'legacy']",IRS_Strategic_Operating_Plan.pdf
What is the goal of the IRS's employee development efforts?,"The goal of the IRS's employee development efforts is to attract and retain the best talent as the agency transitions to being a modern, digitally capable, customer-centric agency.","['attract', 'retain', 'best', 'talent', 'modern', 'digitally', 'customer-centric']",IRS_Strategic_Operating_Plan.pdf
What is the purpose of the IRS's data analytics efforts?,"The purpose of the IRS's data analytics efforts is to drive operations and decision-making, and to better position the agency to optimize operations for taxpayers and employees alike.","['drive', 'operations', 'decision-making', 'optimize']",IRS_Strategic_Operating_Plan.pdf
How will the IRS ensure compliance by those who choose not to meet their obligations?,"The IRS will devote resources to enforcing the tax laws against taxpayers who attempt to avoid paying their tax obligations, and will use data and technology to ensure that resources are focused on noncompliant taxpayers.","['IRS', 'taxpayers', 'tax obligations', 'enforcing', 'data', 'technology', 'noncompliant']",IRS_Strategic_Operating_Plan.pdf
What is the IRS's approach to addressing high-dollar compliance issues?,"The IRS will use the additional resources provided under the IRA to address high-dollar compliance issues, such as those related to complex partnership structures, large corporations, and high-income individuals.","['IRS', 'high-dollar', 'compliance', 'issues']",IRS_Strategic_Operating_Plan.pdf
How will the IRS ensure the privacy and security of taxpayer data?,The IRS will enhance its use of data and analytics while ensuring the continued privacy and security of taxpayer data.,"['IRS', 'data', 'analytics', 'privacy', 'security', 'taxpayer']",IRS_Strategic_Operating_Plan.pdf
What is the IRS's plan for allocating the additional funding provided by the IRA?,The IRS's plan for allocating the additional funding provided by the IRA is outlined in Part III of the document.,"['The', ""IRS's"", 'plan', 'for', 'allocating', 'the', 'additional', 'funding', 'provided', 'by', 'the', 'IRA', 'is', 'outlined', 'in', 'Part', 'III', 'of', 'the', 'document']",IRS_Strategic_Operating_Plan.pdf
What is the main objective of the IRS's transformation vision?,"The main objective of the IRS's transformation vision is to make it easier for taxpayers to meet their tax responsibilities and receive tax incentives for which they are eligible, while addressing noncompliance issues in the simplest ways appropriate.","['make', 'easier', 'taxpayers', 'meet', 'tax', 'responsibilities', 'receive', 'tax', 'incentives', 'eligible', 'addressing', 'noncompliance', 'simplest', 'ways', 'appropriate']",IRS_Strategic_Operating_Plan.pdf
What are the five objectives of the IRS's transformation plan?,"The five objectives of the IRS's transformation plan are:

1. Dramatically improve services to help taxpayers meet their obligations and receive tax incentives for which they are eligible.
2. Quickly resolve taxpayer issues when they arise.
3. Focus expanded enforcement on taxpayers with complex tax filings and high-dollar noncompliance to address the tax gap.
4. Deliver cutting-edge technology, data, and analytics to operate more effectively.
5. Attract, retain, and empower a highly skilled, diverse workforce and develop a culture that is better equipped to deliver results for taxpayers.",,IRS_Strategic_Operating_Plan.pdf
How will the IRS deliver a best-in-class experience for taxpayers?,"The IRS will deliver a best-in-class experience for taxpayers by adopting a customer-centric approach that dedicates more resources to helping taxpayers get it right the first time, while addressing issues in the simplest ways appropriate.","['customer-centric', 'helping taxpayers', 'get it right', 'simplest ways']",IRS_Strategic_Operating_Plan.pdf
What are some of the ways that taxpayers will be able to interact with the IRS in the future?,"Taxpayers will be able to interact with the IRS in various ways, including expanded digital, phone, and in-person assistance options. They will also have easy, secure access to their data, as well as the tools to help them use it, to help them meet their tax obligations.","['expanded digital', 'phone', 'in-person', 'easy', 'secure', 'access', 'data', 'tools']",IRS_Strategic_Operating_Plan.pdf
What is the significance of data-driven decision-making in the IRS's transformation plan?,Data-driven decision-making will be the core of the IRS's approach to fundamentally shift how they manage operations and deliver services to taxpayers.,"['data-driven', 'decision-making', 'IRS', 'transformation']",IRS_Strategic_Operating_Plan.pdf
How will the IRS address noncompliance issues?,"The IRS will address noncompliance issues by using enhanced data and analytics to assist in the selection of compliance cases based on the highest risk of noncompliance, and by increasing capacity and expertise for enforcement to better address high-dollar noncompliance among complex filers.","['The IRS', 'will', 'address', 'noncompliance', 'issues', 'using', 'enhanced', 'data', 'and', 'analytics', 'selection', 'compliance', 'cases', 'highest', 'risk', 'noncompliance', 'increasing', 'capacity', 'expertise', 'enforcement', 'better', 'address', 'high-dollar', 'noncompliance', 'complex', 'filers']",IRS_Strategic_Operating_Plan.pdf
What is the goal of the IRS's employee development efforts?,"The goal of the IRS's employee development efforts is to attract, retain, and empower a highly skilled, diverse workforce and develop a culture that is better equipped to deliver results for taxpayers.","['attract', 'retain', 'empower', 'diverse', 'workforce', 'culture', 'better', 'equipped', 'deliver', 'results', 'taxpayers']",IRS_Strategic_Operating_Plan.pdf
How will the IRS's transformation plan impact the customer experience?,"The IRS's transformation plan will impact the customer experience by providing taxpayers with a best-in-class experience, making it easier for them to meet their tax obligations and receive tax incentives for which they are eligible, and addressing issues in the simplest ways appropriate.","['best-in-class', 'easier', 'tax obligations', 'tax incentives', 'simplest ways']",IRS_Strategic_Operating_Plan.pdf
What is the significance of technology in the IRS's transformation plan?,"Technology plays a significant role in the IRS's transformation plan, as the agency plans to deliver cutting-edge technology, data, and analytics to operate more effectively and provide taxpayers with easy, secure access to their data and the tools to help them use it.","['technology', 'transformation', 'plan', 'agency', 'data', 'analytics', 'taxpayers', 'access', 'tools']",IRS_Strategic_Operating_Plan.pdf
How will the IRS measure the success of its transformation plan?,"The IRS will measure the success of its transformation plan by tracking progress against its five objectives, which include improving services, quickly resolving taxpayer issues, focusing expanded enforcement on high-dollar noncompliance, delivering cutting-edge technology, and attracting and retaining a highly skilled workforce.","['improving', 'quickly', 'focusing', 'delivering', 'attracting', 'retaining']",IRS_Strategic_Operating_Plan.pdf
What is the goal of the IRS's transformation efforts?,The goal of the IRS's transformation efforts is to provide world-class service to taxpayers and to make the tax system more efficient and effective.,"['world-class', 'service', 'taxpayers', 'efficient', 'effective']",IRS_Strategic_Operating_Plan.pdf
How will the IRS improve its service to taxpayers?,"The IRS will improve its service to taxpayers by offering notifications and proactive help to find and correct mistakes earlier, resolving filing issues with clear notices and the fastest, simplest possible solution for the taxpayer, and providing digital options for all taxpayer interactions.","['notifications', 'proactive', 'mistakes', 'filing', 'issues', 'digital', 'options']",IRS_Strategic_Operating_Plan.pdf
What steps will the IRS take to improve enforcement?,"The IRS will improve enforcement by using enhanced data and analytics to assist in the selection of compliance cases based on the highest risk of noncompliance, increasing capacity and expertise for enforcement to better address high-dollar noncompliance among complex filers, and investing in new technology to improve customer experience and data-driven enforcement.","['enhanced', 'data', 'analytics', 'highest', 'risk', 'noncompliance', 'capacity', 'expertise', 'high-dollar', 'complex', 'filers', 'technology', 'customer', 'experience', 'data-driven']",IRS_Strategic_Operating_Plan.pdf
How will the IRS improve its employee experience and empower its workforce?,"The IRS will improve its employee experience and empower its workforce by devoting a larger share of employees to taxpayer-facing roles as demand for manually processed paper returns and correspondence decreases and systems are automated, recruiting, training, and retaining a workforce with the skills and capabilities needed to use new technologies effectively, and providing clearer career pathways that will improve retention and support career growth and opportunity.","['improve', 'empower', 'workforce', 'taxpayer', 'roles', 'demand', 'automated', 'recruiting', 'training', 'retaining', 'skills', 'capabilities', 'technologies', 'career', 'pathways', 'retention', 'opportunity']",IRS_Strategic_Operating_Plan.pdf
What steps will the IRS take to ensure the privacy and security of taxpayer data?,"The IRS will ensure the privacy and security of taxpayer data by implementing technical tax provisions designed to incentivize energy security and clean energy investment in the United States, and actively working to implement these provisions.","['IRS', 'taxpayer', 'data', 'security', 'privacy']",IRS_Strategic_Operating_Plan.pdf
What are the IRA transformation outcomes that the IRS will measure?,"The IRS will measure the overall progress of the transformation according to several transformation outcomes, including improved customer satisfaction metrics, digital-first organization, improved take-up of tax incentives by eligible taxpayers, effective enforcement, and employer of choice within government and industry.","['improved', 'digital-first', 'effective', 'employer of choice']",IRS_Strategic_Operating_Plan.pdf
How will the IRS achieve its objectives in this plan?,"The IRS will achieve its objectives in this plan by collaborating across the organization and engaging in disciplined and transparent accountability processes, and by using a framework that includes the IRA investment and the initiatives outlined in this plan.","['collaborating', 'disciplined', 'transparent', 'framework', 'IRA', 'initiatives']",IRS_Strategic_Operating_Plan.pdf
What is the IRS's strategic operating plan?,"The IRS's strategic operating plan is to provide world-class service to taxpayers and to make the tax system more efficient and effective, and it includes several initiatives to achieve this goal, such as offering notifications and proactive help to find and correct mistakes earlier, resolving filing issues with clear notices and the fastest, simplest possible solution for the taxpayer, and providing digital options for all taxpayer interactions.","['world-class', 'service', 'taxpayers', 'efficient', 'effective', 'notifications', 'proactive', 'help', 'mistakes', 'filing', 'issues', 'clear', 'fastest', 'simplest', 'digital', 'options', 'all', 'taxpayer', 'interactions']",IRS_Strategic_Operating_Plan.pdf
What is the IRS's approach to accountability?,"The IRS's approach to accountability is to collaborate across the organization and engage in disciplined and transparent accountability processes, and to use a framework that includes the IRA investment and the initiatives outlined in this plan to achieve its objectives.","['collaborate', 'disciplined', 'transparent', 'framework', 'IRA', 'initiatives', 'objectives']",IRS_Strategic_Operating_Plan.pdf
What is the IRS's vision for the future of tax administration?,"The IRS's vision for the future of tax administration is to provide world-class service to taxpayers and to make the tax system more efficient and effective, and it plans to achieve this vision by implementing the initiatives outlined in its strategic operating plan and by collaborating across the organization and engaging in disciplined and transparent accountability processes.","['world-class', 'efficient', 'effective', 'strategic', 'operating', 'plan', 'collaborating', 'disciplined', 'transparent', 'accountability']",IRS_Strategic_Operating_Plan.pdf
What does the IRS plan to do with the funding from the IRA?,"The IRS plans to use the funding from the IRA to improve the way they serve taxpayers, including hiring new customer service representatives, reducing the inventory of original individual returns, and scanning and digitalizing millions of business and individual tax returns.","['improve', 'hire', 'reduce', 'scan', 'digitalize']",IRS_Strategic_Operating_Plan.pdf
What actions has the IRS taken to improve outcomes for taxpayers?,"The IRS has taken several actions to improve outcomes for taxpayers, including hiring over 5,000 new customer service representatives, reducing the inventory of original individual returns, consistently achieving a level of service between 80% and 90% weekly during the filing season, providing customer callback options, enabling direct-deposit refunds for amended returns, and giving taxpayers the option to respond and upload documents electronically in response to a range of IRS notices.","['hiring', 'reducing', 'achieving', 'providing', 'enabling', 'giving']",IRS_Strategic_Operating_Plan.pdf
What is the goal of Objective 1 of the IRS's Strategic Operating Plan?,The goal of Objective 1 of the IRS's Strategic Operating Plan is to dramatically improve services to help taxpayers meet their obligations and receive the tax incentives for which they are eligible.,"['dramatically', 'improve', 'services', 'taxpayers', 'obligations', 'tax', 'incentives']",IRS_Strategic_Operating_Plan.pdf
What is the purpose of the Information Returns Intake System (IRIS)?,The purpose of the Information Returns Intake System (IRIS) is to allow businesses to electronically file 1099-series forms.,"['allow', 'businesses', 'electronically', 'file', '1099-series', 'forms']",IRS_Strategic_Operating_Plan.pdf
What is the goal of Objective 2 of the IRS's Strategic Operating Plan?,The goal of Objective 2 of the IRS's Strategic Operating Plan is to quickly resolve taxpayer issues when they arise.,"['quickly', 'resolve', 'taxpayer', 'issues', 'arise']",IRS_Strategic_Operating_Plan.pdf
How many new employees does the IRS plan to hire to work in their Taxpayer Assistance Centers across the country?,The IRS plans to hire approximately 650 new employees to work in their Taxpayer Assistance Centers across the country.,['650'],IRS_Strategic_Operating_Plan.pdf
What is the goal of Objective 3 of the IRS's Strategic Operating Plan?,The goal of Objective 3 of the IRS's Strategic Operating Plan is to focus expanded enforcement on taxpayers with complex tax filings and high-dollar noncompliance to address the tax gap.,"['focus', 'expanded', 'enforcement', 'taxpayers', 'complex', 'high-dollar', 'noncompliance', 'tax', 'gap']",IRS_Strategic_Operating_Plan.pdf
What is the purpose of the Transformation and Strategy Office?,The purpose of the Transformation and Strategy Office is to coordinate detailed planning and execution efforts for the IRS's Strategic Operating Plan.,"['coordinate', 'planning', 'execution', 'Strategic', 'Operating', 'Plan']",IRS_Strategic_Operating_Plan.pdf
"How will the IRS deliver cutting-edge technology, data, and analytics?","The IRS will deliver cutting-edge technology, data, and analytics to operate more effectively through initiatives outlined in their Strategic Operating Plan.","['cutting-edge', 'technology', 'data', 'analytics', 'IRS', 'Strategic', 'Operating', 'Plan']",IRS_Strategic_Operating_Plan.pdf
What is the goal of Objective 5 of the IRS's Strategic Operating Plan?,"The goal of Objective 5 of the IRS's Strategic Operating Plan is to attract, retain, and empower a highly skilled, diverse workforce and develop a culture that is better equipped to deliver results for taxpayers.","['attract', 'retain', 'empower', 'diverse', 'workforce', 'culture', 'deliver', 'results', 'taxpayers']",IRS_Strategic_Operating_Plan.pdf
What is the main objective of the Transformation and Strategy Office?,The main objective of the Transformation and Strategy Office is to coordinate detailed planning and execution efforts to transform the organization and make the vision a reality.,"['coordinate', 'planning', 'execution', 'transform', 'vision', 'reality']",IRS_Strategic_Operating_Plan.pdf
What are the elements of Part II of the plan?,"Part II of the plan includes the organization of the plan, transformation objective, initiatives, key projects, major milestones, and exhibit indicators of success.","['organization', 'transformation', 'initiatives', 'key projects', 'major milestones', 'exhibit indicators of success']",IRS_Strategic_Operating_Plan.pdf
What is the transformation objective of Objective 1?,The transformation objective of Objective 1 is to dramatically improve services to help taxpayers meet their obligations and receive the tax incentives for which they are eligible.,"['dramatically', 'improve', 'services', 'taxpayers', 'obligations', 'tax', 'incentives']",IRS_Strategic_Operating_Plan.pdf
What are the key projects for Initiative 1.2: Expand digital services and digitalization?,"The key projects for Initiative 1.2 are creating digital forms, expanding digitalization, and creating viewable digitized data.","['creating digital forms', 'expanding digitalization', 'creating viewable digitized data']",IRS_Strategic_Operating_Plan.pdf
What is the milestone for Milestone 1 (FY 20XX) for Initiative 1.2?,The milestone for Milestone 1 (FY 20XX) for Initiative 1.2 is to create digital forms.,['create digital forms'],IRS_Strategic_Operating_Plan.pdf
What is the purpose of the IRS IRA Strategic Operating Plan?,"The purpose of the IRS IRA Strategic Operating Plan is to provide a roadmap for the organization's transformation and to outline the objectives, initiatives, and key projects that will help the organization achieve its vision.","['purpose', 'roadmap', 'transformation', 'objectives', 'initiatives', 'key projects', 'vision']",IRS_Strategic_Operating_Plan.pdf
How many objectives are included in Part II of the plan?,There are five objectives included in Part II of the plan.,['five'],IRS_Strategic_Operating_Plan.pdf
What is the title of Objective 1?,"The title of Objective 1 is ""Dramatically improve services to help taxpayers meet their obligations and receive the tax incentives for which they are eligible.""","['Dramatically', 'improve', 'services', 'taxpayers', 'obligations', 'incentives']",IRS_Strategic_Operating_Plan.pdf
What is the purpose of the navigation bar in the plan?,The purpose of the navigation bar in the plan is to provide a clear and concise overview of the plan's contents and to help readers quickly locate specific information.,"[""The purpose of the navigation bar in the plan is to provide a clear and concise overview of the plan's contents and to help readers quickly locate specific information.""]",IRS_Strategic_Operating_Plan.pdf
What is the difference between key projects and initiatives in the plan?,"Initiatives are strategic bodies of work that will drive transformation, while key projects are discrete, actionable efforts for each initiative.","['Initiatives', 'key projects']",IRS_Strategic_Operating_Plan.pdf
What is the timeline for implementing the plan?,"The plan includes a timeline for implementing the initiatives and key projects, with specific milestones and deadlines for each objective. The years provided in the plan are best estimates, and timing will be updated as detailed planning proceeds.","['The', 'plan', 'includes', 'a', 'timeline', 'for', 'implementing', 'the', 'initiatives', 'and', 'key', 'projects', 'with', 'specific', 'milestones', 'and', 'deadlines', 'for', 'each', 'objective', 'The', 'years', 'provided', 'in', 'the', 'plan', 'are', 'best', 'estimates', 'and', 'timing', 'will', 'be', 'updated', 'as', 'detailed', 'planning', 'proceeds']",IRS_Strategic_Operating_Plan.pdf
How will taxpayers be able to communicate with the IRS in the near future?,"Taxpayers will be able to communicate with the IRS through their preferred method, such as email, paper mail, or phone. They will also have the option to use a chatbot or request a call from an agent.","['email', 'paper mail', 'phone', 'chatbot', 'call']",IRS_Strategic_Operating_Plan.pdf
What will taxpayers be able to do through their online account?,"Taxpayers will be able to access easy-to-read data to start their tax return, track their refund status, adjust their preferences, and receive alerts for easy-to-fix errors.","['access', 'track', 'adjust', 'receive']",IRS_Strategic_Operating_Plan.pdf
How will the IRS improve customer service in the near future?,"The IRS will provide multichannel assistance, allowing taxpayers to file and communicate with them through the channel of their choice. They will also offer a chatbot and the option to request a call from an agent.","['The IRS', 'will', 'provide', 'multichannel', 'assistance', 'allowing', 'taxpayers', 'to', 'file', 'and', 'communicate', 'with', 'them', 'through', 'the', 'channel', 'of', 'their', 'choice', 'They', 'will', 'also', 'offer', 'a', 'chatbot', 'and', 'the', 'option', 'to', 'request', 'a', 'call', 'from', 'an', 'agent']",IRS_Strategic_Operating_Plan.pdf
What is the goal of the IRS's strategic operating plan?,"The goal of the IRS's strategic operating plan is to increase service levels, decrease the difference between credits and deductions available versus those claimed, and increase taxpayer satisfaction with IRS interactions and service.","['increase', 'decrease', 'service', 'satisfaction']",IRS_Strategic_Operating_Plan.pdf
How will the IRS help taxpayers understand which energy security and clean energy credits they may be eligible for?,The IRS will provide enhanced education and assistance to help taxpayers understand which energy security and clean energy credits they may be eligible for and how to claim them.,"['enhanced', 'education', 'assistance', 'eligible', 'claim']",IRS_Strategic_Operating_Plan.pdf
What is one way the IRS will make filing easier for taxpayers?,The IRS will provide taxpayers with the ability to transfer their clean vehicle tax credit to a car dealer for an equivalent price discount starting in 2024.,"['The IRS', 'taxpayers', 'clean vehicle tax credit', 'car dealer', 'price discount', 'starting in 2024']",IRS_Strategic_Operating_Plan.pdf
How will the IRS reduce filing burdens for taxpayers?,The IRS will provide a wider array of digital options to help taxpayers and tax professionals interact with them and have a more seamless customer experience.,[],IRS_Strategic_Operating_Plan.pdf
What is one way the IRS will increase access to taxpayer services?,"The IRS will offer multichannel assistance, allowing taxpayers to file and communicate with them through the channel of their choice.","['multichannel', 'assistance', 'taxpayers', 'choice']",IRS_Strategic_Operating_Plan.pdf
How will the IRS improve the customer experience for taxpayers?,The IRS will provide a more personalized experience for taxpayers by allowing them to access their online account and track the status of their account and claims.,"['The IRS', 'taxpayers', 'online', 'account', 'claims']",IRS_Strategic_Operating_Plan.pdf
What is one way the IRS will reduce errors and improper payments?,"The IRS will provide real-time alerts to taxpayers when they submit their return online, allowing them to correct easy-to-fix errors before submitting their return.","['real-time', 'alerts', 'taxpayers', 'submit', 'return']",IRS_Strategic_Operating_Plan.pdf
What is the main issue with taxpayers' access to customer service according to the IRS Strategic Operating Plan?,"According to the plan, taxpayers lack convenient ways to access and use their tax data, and filing and communications are paper-based and inconvenient for taxpayers.","['lack', 'convenient', 'tax data', 'filing', 'communications', 'paper-based', 'inconvenient']",IRS_Strategic_Operating_Plan.pdf
What is the objective of Initiative 1.1 in the IRS Strategic Operating Plan?,The objective of Initiative 1.1 is to improve the availability and accessibility of customer service for taxpayers.,"['improve', 'availability', 'accessibility', 'customer service', 'taxpayers']",IRS_Strategic_Operating_Plan.pdf
How will Initiative 1.1 improve customer service for taxpayers?,Initiative 1.1 aims to provide taxpayers with on-demand customer service or the ability to schedule service ahead of time.,"['on-demand', 'schedule']",IRS_Strategic_Operating_Plan.pdf
What is the goal of Initiative 1.2 in the IRS Strategic Operating Plan?,The goal of Initiative 1.2 is to expand digital services and digitalization for taxpayers.,"['expand', 'digital', 'services', 'digitalization', 'taxpayers']",IRS_Strategic_Operating_Plan.pdf
How will Initiative 1.2 improve digital services for taxpayers?,Initiative 1.2 aims to enable taxpayers to file all documents securely and exchange correspondence electronically.,"['enable', 'taxpayers', 'file', 'securely', 'exchange', 'correspondence', 'electronically']",IRS_Strategic_Operating_Plan.pdf
What is the purpose of Initiative 1.3 in the IRS Strategic Operating Plan?,The purpose of Initiative 1.3 is to ensure that employees have the right tools to quickly and effectively meet the needs of taxpayers.,"['ensure', 'right', 'tools', 'quickly', 'effectively', 'meet', 'needs', 'taxpayers']",IRS_Strategic_Operating_Plan.pdf
How will Initiative 1.3 improve employee tools and information?,Initiative 1.3 aims to provide employees with the right tools and information to quickly and effectively meet the needs of taxpayers.,"['Initiative', 'employees', 'tools', 'information', 'taxpayers']",IRS_Strategic_Operating_Plan.pdf
What is the goal of Initiative 1.4 in the IRS Strategic Operating Plan?,The goal of Initiative 1.4 is to improve self-service options for taxpayers.,"['improve', 'self-service', 'taxpayers']",IRS_Strategic_Operating_Plan.pdf
How will Initiative 1.4 improve self-service options for taxpayers?,"Initiative 1.4 aims to provide taxpayers with secure online accounts where they can view their account and profile information, make changes, interact with the IRS, and manage preferences for payments, refunds, and communications.","['secure online accounts', 'view', 'make changes', 'interact', 'manage preferences']",IRS_Strategic_Operating_Plan.pdf
What is the objective of Initiative 1.5 in the IRS Strategic Operating Plan?,The objective of Initiative 1.5 is to explore direct file options for taxpayers.,"['explore', 'direct', 'file', 'options', 'taxpayers']",IRS_Strategic_Operating_Plan.pdf
What is the goal of Initiative 1.6 in the IRS Strategic Operating Plan?,The goal of Initiative 1.6 is to enable taxpayers to access their data and download and seamlessly share their tax data and IRS history.,"['seamlessly', 'share', 'tax data', 'IRS history']",IRS_Strategic_Operating_Plan.pdf
How will Initiative 1.7 improve taxpayers' access to their data?,Initiative 1.7 aims to provide taxpayers with earlier legal certainty and additional guidance on tax issues.,"['earlier', 'legal', 'certainty', 'additional', 'guidance', 'tax', 'issues']",IRS_Strategic_Operating_Plan.pdf
What is the purpose of Initiative 1.8 in the IRS Strategic Operating Plan?,"The purpose of Initiative 1.8 is to deliver proactive alerts to taxpayers to help them meet filing and payment obligations, understand opportunities to claim certain incentives, and learn about life changes that could impact their taxes.","['proactive', 'alerts', 'taxpayers', 'filing', 'payment', 'obligations', 'incentives', 'life', 'changes', 'taxes']",IRS_Strategic_Operating_Plan.pdf
How will Initiative 1.9 help taxpayers understand and claim appropriate credits and deductions?,"Initiative 1.9 aims to provide taxpayers, including individuals and small businesses, with education and assistance in claiming available incentives.",['Incentives'],IRS_Strategic_Operating_Plan.pdf
What is the goal of Initiative 1.10 in the IRS Strategic Operating Plan?,The goal of Initiative 1.10 is to make payments easy for taxpayers.,"['make', 'payments', 'easy', 'taxpayers']",IRS_Strategic_Operating_Plan.pdf
How will Initiative 1.11 improve the payment process for taxpayers?,Initiative 1.11 aims to provide taxpayers with easy and seamless payment options through all service channels.,"['easy', 'seamless', 'payment', 'options', 'service', 'channels']",IRS_Strategic_Operating_Plan.pdf
What is the purpose of Initiative 1.12 in the IRS Strategic Operating Plan?,The purpose of Initiative 1.12 is to build status-tracking,"['build', 'status-tracking']",IRS_Strategic_Operating_Plan.pdf
"What are the challenges faced by low-income taxpayers, those with limited mobility or limited English proficiency, and those who do not have flexible schedules when it comes to tax compliance?","Low levels of service and limited customer service options are especially challenging for these groups, contributing to tax compliance issues and loss of trust in the tax system.","['limited', 'low', 'challenging', 'compliance', 'issues', 'loss', 'trust']",IRS_Strategic_Operating_Plan.pdf
What is the goal of the IRS's customer service improvement initiative?,"The goal is to dramatically improve technology-driven options for taxpayers, provide better access to customer service, and improve employee tools to deliver better service.","['improve', 'technology-driven', 'options', 'taxpayers', 'access', 'customer', 'service', 'employee', 'tools', 'deliver', 'better']",IRS_Strategic_Operating_Plan.pdf
What are the key projects under the IRS's customer service improvement initiative?,"The key projects include expanding service offerings across multiple channels, providing accurate wait time estimates, staffing customer service functions to meet projected demand, improving appointment scheduling and on-demand capabilities, and developing policies and tools that support first-contact problem-resolution.","['expanding', 'accurate', 'staffing', 'improving', 'developing']",IRS_Strategic_Operating_Plan.pdf
How will the IRS improve technology-driven options for taxpayers?,"The IRS will use enhanced data and analytics to forecast customer service demand and improve customer service access and options, staffing accordingly. They will also enable taxpayers to schedule service through digital and in-person channels and develop a plan to provide estimated wait times and on-demand service through all channels, including at Taxpayer Assistance Centers (TACs).","['enhanced', 'data', 'analytics', 'customer', 'service', 'demand', 'staffing', 'digital', 'in-person', 'channels', 'estimated', 'wait', 'on-demand']",IRS_Strategic_Operating_Plan.pdf
How will the IRS ensure that communication channels for tax professionals are available and accessible?,"The IRS will ensure that communication channels for tax professionals, such as the Practitioner Line, are available and accessible.","['available', 'accessible']",IRS_Strategic_Operating_Plan.pdf
What is the objective of providing a multichannel service experience?,"The objective is to provide a seamless and consistent experience for taxpayers across all service channels, including in-person, telephone, and digital services.","['seamless', 'consistent', 'taxpayers', 'in-person', 'telephone', 'digital']",IRS_Strategic_Operating_Plan.pdf
How will the IRS ensure that customer service improvements are comparable across diverse taxpayer segments?,"The IRS will ensure that customer service improvements are comparable across diverse taxpayer segments, including those with disabilities and limited English proficiency.","['including', 'with', 'limited', 'English', 'proficiency']",IRS_Strategic_Operating_Plan.pdf
What is the goal of providing estimated wait times and on-demand service?,"The goal is to provide transparency and certainty to taxpayers about the time it will take to receive service, and to provide on-demand service options to meet their diverse needs.","['transparency', 'certainty', 'time', 'service', 'on-demand', 'options', 'diverse', 'needs']",IRS_Strategic_Operating_Plan.pdf
How will the IRS measure the success of its customer service improvement initiative?,"The IRS will measure success based on increased levels of service across all channels, reduced wait times, increased compliance with tax obligations, and increased accuracy of returns, including claims for credits and deductions.","['increased', 'reduced', 'increased', 'increased', 'including']",IRS_Strategic_Operating_Plan.pdf
What is the objective of developing policies and tools that support first-contact problem-resolution?,"The objective is to develop policies and tools that support the immediate involvement of the right people to resolve taxpayer issues quickly, even when first-contact employees do not have the information or authority to resolve the issues.","['quickly', 'resolve', 'issues']",IRS_Strategic_Operating_Plan.pdf
What is the goal of Initiative 1.1 of the IRS's Strategic Operating Plan?,"The goal of Initiative 1.1 is to enable equal access through equitable practices, provide equitable access to IRS services and opportunities for taxpayers, and meet the needs of rural populations, people with disabilities, those with limited English proficiency, other underserved communities, and small businesses.","['equal', 'access', 'services', 'opportunities', 'taxpayers', 'rural', 'populations', 'disabilities', 'limited', 'English', 'proficiency', 'underserved', 'communities', 'small', 'businesses']",IRS_Strategic_Operating_Plan.pdf
What are some milestones for Initiative 1.1?,"Milestones for Initiative 1.1 include expanding hours at Taxpayer Assistance Centers (TACs) for appointments and on-demand service with staffing to meet expected demand, taxpayers and tax professionals being able to schedule service appointments via multiple channels based on staff availability, and increased service availability and services being offered in TACs and on phones to meet taxpayer demand.","['expanding', 'hours', 'Taxpayer', 'Assistance', 'Centers', 'appointments', 'on-demand', 'service', 'staffing', 'demand', 'taxpayers', 'tax', 'professionals', 'schedule', 'service', 'appointments', 'channels', 'staff', 'availability', 'services', 'TACs', 'phones', 'taxpayer', 'demand']",IRS_Strategic_Operating_Plan.pdf
What is the key dependency for Initiative 1.1?,"The key dependency for Initiative 1.1 is the successful implementation of projects in initiatives 1.3, 1.4, 1.12, 4.5-4.7, and 5.5-5.7.","['successful', 'implementation', 'projects', 'initiatives']",IRS_Strategic_Operating_Plan.pdf
What is the objective of Initiative 1.2?,"The objective of Initiative 1.2 is to expand digital services and digitalization, enabling taxpayers to file all documents securely and exchange correspondence electronically.","['expand', 'digital', 'services', 'digitalization', 'taxpayers', 'file', 'securely', 'exchange', 'correspondence', 'electronically']",IRS_Strategic_Operating_Plan.pdf
What are some success metrics for Initiative 1.2?,"Success for Initiative 1.2 would include customers finding it easier to prepare and submit documents to the IRS, processing times falling for end-to-end digital processes, backlogs in paper and manual processes being eliminated, and the accuracy of translation of return data increasing as the IRS phases in digital (e-filed) and digitalized (paper converted to digital data) receipts.","['easier', 'falling', 'eliminated', 'increasing']",IRS_Strategic_Operating_Plan.pdf
How will Initiative 1.2 benefit taxpayers?,"Initiative 1.2 will benefit taxpayers by providing them with secure electronic filing and processing options, reducing the need for shipping and minimizing the amount of paper storage required, and making digital tools accessible for people with disabilities and available in taxpayers' preferred languages.","['secure', 'electronic', 'digital', 'accessible', 'disabilities', 'preferred']",IRS_Strategic_Operating_Plan.pdf
What are some of the challenges that the IRS faces in implementing Initiative 1.2?,"The IRS faces challenges in implementing Initiative 1.2, including the fact that most taxpayers prefer to file IRS documents electronically when available, but the remaining paper-based filings have outsized effects on IRS operations, and paper filings take longer, cost more, and are more prone to errors, leading to a downward spiral in service quality.","['including', 'most', 'but', 'and', 'take', 'cost', 'are', 'leading']",IRS_Strategic_Operating_Plan.pdf
How will the IRS address these challenges?,"The IRS will address these challenges by enabling secure electronic filing and processing for IRS documents, providing taxpayers the option to file documents electronically and securely, processing all forms, returns, and certifications digitally regardless of how they are submitted, and modernizing forms and other documents to make them mobile-friendly.","['enabling', 'electronic', 'processing', 'digitally', 'modernizing']",IRS_Strategic_Operating_Plan.pdf
What is the timeline for implementing Initiative 1.2?,"The timeline for implementing Initiative 1.2 includes milestones such as expanding hours at TACs for appointments and on-demand service with staffing to meet expected demand, taxpayers and tax professionals being able to schedule service appointments via multiple channels based on staff availability, and increased service availability and services being offered in TACs and on phones to meet taxpayer demand, all of which are expected to be completed by FY 2024.",['FY 2024'],IRS_Strategic_Operating_Plan.pdf
What is the goal of the IRS's digital modernization effort?,"The goal of the IRS's digital modernization effort is to modernize forms and other documents to make them mobile-friendly, shift away from traditional paper forms, and enable digital processing.","['modernize', 'mobile-friendly', 'digital', 'processing']",IRS_Strategic_Operating_Plan.pdf
What are some key projects under the IRS's digital modernization effort?,"Some key projects under the IRS's digital modernization effort include creating digital forms, expanding digitalization, enabling digital data delivery throughout the IRS, reinforcing secure storage and archiving practices, creating viewable digitized data, enabling and implementing digital processing, and evaluating which taxpayers are most burdened during filing and removing barriers to electronic filing.","['creating', 'expanding', 'enabling', 'reinforcing', 'creating', 'enabling', 'implementing', 'evaluating', 'removing']",IRS_Strategic_Operating_Plan.pdf
What is the objective of the IRS's digitalization effort?,The objective of the IRS's digitalization effort is to improve the taxpayer experience and organizational efficiency by modernizing processes and making them more digital.,"['improve', 'taxpayer', 'experience', 'modernizing', 'digital']",IRS_Strategic_Operating_Plan.pdf
What are some examples of forms that will be modernized under the IRS's digital modernization effort?,"Some examples of forms that will be modernized under the IRS's digital modernization effort include the Individual Tax Identification Number (ITIN) process, Tax Pro Account features to submit authorizations to assist clients, and fully digitalizing amended return processing.","['ITIN', 'Tax Pro Account', 'amended return']",IRS_Strategic_Operating_Plan.pdf
What is the timeline for the IRS's digital modernization effort?,"The timeline for the IRS's digital modernization effort includes several milestones, such as the launch of the Digital Enablement Platform in 2022, the enhancement of scanning of key tax forms in 2023, and the implementation of high-priority end-to-end digital processes by 2024.","['2022', '2023', '2024']",IRS_Strategic_Operating_Plan.pdf
What are some of the key dependencies for the IRS's digital modernization effort?,"Some of the key dependencies for the IRS's digital modernization effort include projects in initiatives such as 4.1, 4.3-4.5, 5.5, and 1.4, 1.9, 1.11, 2.2, 2.7, 4.1, 4.5, 5.3, and 5.8.","['4.1', '4.3', '4.4', '4.5', '5.5', '1.4', '1.9', '1.11', '2.2', '2.7', '5.3', '5.8']",IRS_Strategic_Operating_Plan.pdf
What is the purpose of the IRS's Digital Enablement Platform?,"The purpose of the IRS's Digital Enablement Platform is to modernize forms and other documents to make them mobile-friendly, shift away from traditional paper forms, and enable digital processing.","['modernize', 'mobile-friendly', 'digital', 'processing']",IRS_Strategic_Operating_Plan.pdf
How will the IRS ensure secure storage and archiving practices?,"The IRS will ensure secure storage and archiving practices by implementing necessary data storage requirements and best practices to retain proof of receipt and of senders’ identities, and archiving materials as appropriate and required.","['implementing', 'best', 'archiving']",IRS_Strategic_Operating_Plan.pdf
What is the goal of the IRS's effort to evaluate which taxpayers are most burdened during filing?,"The goal of the IRS's effort to evaluate which taxpayers are most burdened during filing is to identify taxpayers who face barriers during filing, such as those who may be eligible for credits and deductions, those who need information quickly from the IRS, or those who are required to paper-file in certain circumstances, and prioritize creating and improving digital pathways for these taxpayers.","['identify', 'taxpayers', 'face', 'barriers', 'filing', 'eligible', 'credits', 'deductions', 'information', 'IRS', 'paper-file', 'circumstances', 'prioritize', 'creating', 'improving', 'digital', 'pathways']",IRS_Strategic_Operating_Plan.pdf
What is the significance of the IRS's initiative to enable and implement digital processing?,"The IRS's initiative to enable and implement digital processing is significant because it will replace and streamline case, account, and payment systems to incorporate more automation and digitally process data received from any submission, which will improve the taxpayer experience and organizational efficiency.","['significant', 'digital', 'processing', 'automation', 'efficiency']",IRS_Strategic_Operating_Plan.pdf